{"stats":{"minecraft:crafted":{"minecraft:oak_planks":420,"minecraft:iron_nugget":9,"minecraft:cooked_chicken":6,"minecraft:furnace":3,"minecraft:bone_meal":18,"minecraft:cooked_mutton":5,"minecraft:bow":1,"minecraft:iron_boots":3,"minecraft:stone_pickaxe":8,"minecraft:spruce_boat":1,"minecraft:stone_hoe":1,"minecraft:cooked_rabbit":1,"minecraft:cooked_beef":14,"minecraft:sugar":4,"minecraft:emerald":26,"minecraft:crafting_table":5,"minecraft:spruce_planks":264,"minecraft:iron_helmet":4,"minecraft:baked_potato":1,"minecraft:wooden_pickaxe":5,"minecraft:spruce_door":3,"minecraft:cooked_salmon":8,"minecraft:fletching_table":1,"minecraft:birch_planks":76,"minecraft:bucket":2,"minecraft:stone_axe":9,"minecraft:bread":1,"minecraft:air":0,"minecraft:iron_chestplate":1,"minecraft:shield":3,"minecraft:stick":1008,"minecraft:iron_ingot":74,"minecraft:iron_leggings":3,"minecraft:white_bed":1,"minecraft:spruce_fence_gate":1,"minecraft:torch":60,"minecraft:shears":1},"minecraft:killed_by":{"minecraft:stray":2,"minecraft:creeper":1,"minecraft:spider":1,"minecraft:enderman":1,"minecraft:skeleton":5,"minecraft:witch":1,"minecraft:zombie":3},"minecraft:dropped":{"minecraft:iron_ingot":12,"minecraft:black_dye":5,"minecraft:cooked_beef":10,"minecraft:smithing_table":1,"minecraft:cobblestone":117,"minecraft:feather":8,"minecraft:iron_helmet":11,"minecraft:glow_berries":20,"minecraft:stick":20,"minecraft:dirt":24,"minecraft:ink_sac":2,"minecraft:mutton":2,"minecraft:cooked_salmon":9,"minecraft:iron_leggings":8,"minecraft:bone_meal":6,"minecraft:string":9,"minecraft:white_wool":4,"minecraft:spruce_sapling":1,"minecraft:gravel":4,"minecraft:furnace":1,"minecraft:iron_nugget":54,"minecraft:cooked_chicken":3,"minecraft:cobbled_deepslate":8,"minecraft:pink_dye":38,"minecraft:composter":1,"minecraft:rotten_flesh":1,"minecraft:oak_planks":6,"minecraft:iron_boots":2,"minecraft:cooked_mutton":1,"minecraft:poppy":2,"minecraft:potato":1,"minecraft:shield":3,"minecraft:peony":3,"minecraft:spruce_planks":55,"minecraft:iron_chestplate":2,"minecraft:bow":1,"minecraft:wooden_pickaxe":2,"minecraft:arrow":10,"minecraft:stone_pickaxe":1,"minecraft:black_wool":1},"minecraft:picked_up":{"minecraft:fishing_rod":4,"minecraft:iron_chestplate":2,"minecraft:crafting_table":9,"minecraft:wheat":31,"minecraft:azure_bluet":1,"minecraft:chicken":17,"minecraft:smithing_table":1,"minecraft:lead":17,"minecraft:wooden_pickaxe":7,"minecraft:pink_wool":1,"minecraft:shield":6,"minecraft:raw_copper":5,"minecraft:cornflower":2,"minecraft:string":20,"minecraft:cooked_salmon":5,"minecraft:iron_leggings":7,"minecraft:cobbled_deepslate":27,"minecraft:bucket":1,"minecraft:spruce_planks":54,"minecraft:beef":32,"minecraft:iron_nugget":45,"minecraft:poppy":17,"minecraft:iron_pickaxe":1,"minecraft:sugar_cane":11,"minecraft:iron_boots":1,"minecraft:furnace":11,"minecraft:tipped_arrow":3,"minecraft:stick":227,"minecraft:raw_iron":234,"minecraft:composter":2,"minecraft:oak_fence":3,"minecraft:torch":61,"minecraft:spruce_stairs":1,"minecraft:spruce_fence":5,"minecraft:porkchop":4,"minecraft:pointed_dripstone":14,"minecraft:diorite":29,"minecraft:carrot":4,"minecraft:redstone":4,"minecraft:black_dye":10,"minecraft:arrow":84,"minecraft:rotten_flesh":43,"minecraft:beetroot_seeds":9,"minecraft:peony":6,"minecraft:shears":1,"minecraft:glow_berries":40,"minecraft:mutton":12,"minecraft:rail":8,"minecraft:snowball":327,"minecraft:white_wool":13,"minecraft:cobblestone":435,"minecraft:birch_log":19,"minecraft:feather":27,"minecraft:cooked_beef":2,"minecraft:andesite":4,"minecraft:salmon":32,"minecraft:leather":13,"minecraft:potato":10,"minecraft:flint":3,"minecraft:stripped_spruce_wood":7,"minecraft:oak_log":106,"minecraft:lapis_lazuli":277,"minecraft:dirt":406,"minecraft:blue_bed":2,"minecraft:name_tag":1,"minecraft:leather_boots":3,"minecraft:bone":34,"minecraft:bow":5,"minecraft:cooked_chicken":1,"minecraft:wheat_seeds":129,"minecraft:iron_ingot":13,"minecraft:stone_pickaxe":10,"minecraft:rabbit":1,"minecraft:powered_rail":4,"minecraft:oak_planks":30,"minecraft:pumpkin":3,"minecraft:lava_bucket":1,"minecraft:dandelion":19,"minecraft:dripstone_block":1,"minecraft:gravel":41,"minecraft:stripped_spruce_log":3,"minecraft:spruce_sapling":2,"minecraft:ink_sac":2,"minecraft:white_bed":1,"minecraft:spruce_log":56,"minecraft:spruce_door":1,"minecraft:pumpkin_seeds":40,"minecraft:spruce_boat":4,"minecraft:stone_axe":6,"minecraft:iron_helmet":8,"minecraft:blue_ice":1,"minecraft:bone_meal":7,"minecraft:golden_apple":1,"minecraft:emerald":28,"minecraft:oak_sapling":9,"minecraft:black_wool":2,"minecraft:coal":112,"minecraft:pink_dye":38,"minecraft:ender_pearl":4},"minecraft:used":{"minecraft:spruce_planks":63,"minecraft:shield":42,"minecraft:cooked_chicken":2,"minecraft:cooked_salmon":9,"minecraft:rotten_flesh":17,"minecraft:stone_hoe":27,"minecraft:torch":70,"minecraft:dirt":292,"minecraft:carrot":4,"minecraft:spruce_fence":3,"minecraft:snowball":75,"minecraft:spruce_boat":3,"minecraft:lava_bucket":1,"minecraft:bow":1,"minecraft:furnace":4,"minecraft:cooked_beef":8,"minecraft:cobbled_deepslate":3,"minecraft:iron_leggings":1,"minecraft:wheat_seeds":51,"minecraft:cooked_mutton":4,"minecraft:water_bucket":6,"minecraft:diorite":27,"minecraft:spruce_door":2,"minecraft:birch_planks":4,"minecraft:stone_pickaxe":499,"minecraft:baked_potato":1,"minecraft:oak_planks":29,"minecraft:spruce_fence_gate":1,"minecraft:wooden_pickaxe":46,"minecraft:fletching_table":1,"minecraft:crafting_table":7,"minecraft:dripstone_block":1,"minecraft:pumpkin_seeds":8,"minecraft:oak_log":1,"minecraft:apple":3,"minecraft:bread":1,"minecraft:spruce_sapling":1,"minecraft:gravel":28,"minecraft:stone_axe":528,"minecraft:fishing_rod":6,"minecraft:cobblestone":147,"minecraft:cooked_porkchop":3,"minecraft:bucket":8,"minecraft:cooked_rabbit":1,"minecraft:andesite":2,"minecraft:bone_meal":17},"minecraft:killed":{"minecraft:witch":1,"minecraft:spider":3,"minecraft:skeleton":14,"minecraft:chicken":7,"minecraft:pig":2,"minecraft:salmon":33,"minecraft:rabbit":1,"minecraft:wandering_trader":1,"minecraft:squid":1,"minecraft:sheep":5,"minecraft:trader_llama":1,"minecraft:zombie":24,"minecraft:stray":4,"minecraft:enderman":2,"minecraft:cow":6},"minecraft:broken":{"minecraft:wooden_pickaxe":1,"minecraft:stone_pickaxe":1,"minecraft:stone_axe":3,"minecraft:bow":1},"minecraft:mined":{"minecraft:spruce_planks":7,"minecraft:white_bed":1,"minecraft:grass_block":57,"minecraft:spruce_fence":6,"minecraft:spruce_leaves":34,"minecraft:pink_wool":1,"minecraft:tall_seagrass":7,"minecraft:furnace":2,"minecraft:iron_ore":93,"minecraft:andesite":1,"minecraft:stripped_spruce_log":4,"minecraft:pumpkin":3,"minecraft:deepslate_lapis_ore":17,"minecraft:peony":2,"minecraft:pointed_dripstone":7,"minecraft:rail":3,"minecraft:deepslate_iron_ore":22,"minecraft:packed_ice":2,"minecraft:stone":281,"minecraft:dandelion":2,"minecraft:cornflower":2,"minecraft:spruce_door":1,"minecraft:powder_snow":9,"minecraft:crafting_table":6,"minecraft:poppy":1,"minecraft:tall_grass":4,"minecraft:cobblestone":19,"minecraft:lapis_ore":7,"minecraft:sugar_cane":3,"minecraft:oak_planks":7,"minecraft:diorite":26,"minecraft:blue_bed":2,"minecraft:wall_torch":1,"minecraft:seagrass":2,"minecraft:stripped_spruce_wood":7,"minecraft:birch_log":18,"minecraft:wheat":26,"minecraft:ice":12,"minecraft:spruce_log":59,"minecraft:grass":34,"minecraft:oak_log":96,"minecraft:coal_ore":42,"minecraft:gravel":34,"minecraft:dripstone_block":1,"minecraft:dirt":114,"minecraft:deepslate":10,"minecraft:oak_leaves":22},"minecraft:custom":{"minecraft:mob_kills":108,"minecraft:animals_bred":1,"minecraft:interact_with_crafting_table":84,"minecraft:bell_ring":1,"minecraft:leave_game":2,"minecraft:time_since_death":7962,"minecraft:sprint_one_cm":968516,"minecraft:walk_one_cm":574985,"minecraft:damage_blocked_by_shield":1045,"minecraft:drop":120,"minecraft:talked_to_villager":11,"minecraft:play_time":293571,"minecraft:deaths":18,"minecraft:sneak_time":31517,"minecraft:walk_under_water_one_cm":26931,"minecraft:boat_one_cm":15021,"minecraft:jump":4423,"minecraft:walk_on_water_one_cm":31438,"minecraft:total_world_time":293571,"minecraft:interact_with_furnace":68,"minecraft:traded_with_villager":26,"minecraft:interact_with_grindstone":1,"minecraft:sleep_in_bed":9,"minecraft:time_since_rest":7995,"minecraft:damage_taken":6451,"minecraft:damage_dealt":17321,"minecraft:swim_one_cm":65738,"minecraft:fly_one_cm":656198,"minecraft:open_chest":59,"minecraft:crouch_one_cm":74872,"minecraft:fall_one_cm":110968}},"DataVersion":3465}