{"stats":{"minecraft:crafted":{"minecraft:crafting_table":2,"minecraft:spruce_planks":40,"minecraft:stick":16,"minecraft:wooden_pickaxe":2,"minecraft:stone_pickaxe":2,"minecraft:furnace":1,"minecraft:torch":8,"minecraft:stone_axe":2},"minecraft:killed_by":{"minecraft:skeleton":2,"minecraft:creeper":1,"minecraft:zombie":2,"minecraft:enderman":1},"minecraft:dropped":{"minecraft:dirt":24,"minecraft:bone_meal":6,"minecraft:cobblestone":73},"minecraft:picked_up":{"minecraft:raw_iron":127,"minecraft:crafting_table":4,"minecraft:feather":2,"minecraft:chicken":1,"minecraft:andesite":4,"minecraft:oak_fence":2,"minecraft:torch":42,"minecraft:wooden_pickaxe":5,"minecraft:gravel":10,"minecraft:spruce_log":10,"minecraft:string":1,"minecraft:lapis_lazuli":16,"minecraft:dirt":173,"minecraft:arrow":5,"minecraft:bone":4,"minecraft:rotten_flesh":21,"minecraft:spruce_planks":21,"minecraft:stone_pickaxe":4,"minecraft:sugar_cane":7,"minecraft:mutton":3,"minecraft:coal":30,"minecraft:snowball":164,"minecraft:white_wool":3,"minecraft:cobblestone":153,"minecraft:furnace":6},"minecraft:used":{"minecraft:stone_pickaxe":96,"minecraft:wooden_pickaxe":19,"minecraft:gravel":1,"minecraft:rotten_flesh":13,"minecraft:stone_axe":25,"minecraft:torch":1,"minecraft:dirt":67,"minecraft:crafting_table":3,"minecraft:furnace":1,"minecraft:andesite":2,"minecraft:snowball":66},"minecraft:killed":{"minecraft:sheep":3,"minecraft:skeleton":2,"minecraft:zombie":6,"minecraft:chicken":1,"minecraft:spider":1},"minecraft:broken":{"minecraft:wooden_pickaxe":1},"minecraft:mined":{"minecraft:furnace":1,"minecraft:iron_ore":44,"minecraft:spruce_log":13,"minecraft:andesite":1,"minecraft:crafting_table":4,"minecraft:grass":1,"minecraft:grass_block":6,"minecraft:coal_ore":14,"minecraft:deepslate_iron_ore":1,"minecraft:gravel":1,"minecraft:dirt":27,"minecraft:packed_ice":2,"minecraft:spruce_leaves":5,"minecraft:lapis_ore":2,"minecraft:stone":45,"minecraft:sugar_cane":2},"minecraft:custom":{"minecraft:time_since_rest":7498,"minecraft:interact_with_furnace":4,"minecraft:sprint_one_cm":156888,"minecraft:damage_taken":1735,"minecraft:walk_one_cm":101343,"minecraft:mob_kills":13,"minecraft:drop":21,"minecraft:damage_dealt":3203,"minecraft:swim_one_cm":2273,"minecraft:interact_with_crafting_table":9,"minecraft:fly_one_cm":125508,"minecraft:crouch_one_cm":14859,"minecraft:play_time":41754,"minecraft:deaths":6,"minecraft:sneak_time":6480,"minecraft:walk_under_water_one_cm":2934,"minecraft:jump":715,"minecraft:time_since_death":7467,"minecraft:walk_on_water_one_cm":9162,"minecraft:total_world_time":41754,"minecraft:fall_one_cm":13746}},"DataVersion":3465}