{"stats":{"minecraft:crafted":{"minecraft:crafting_table":3,"minecraft:spruce_planks":44,"minecraft:wooden_pickaxe":2,"minecraft:furnace":1,"minecraft:stone_axe":2,"minecraft:air":0,"minecraft:stick":16,"minecraft:iron_ingot":4,"minecraft:stone_pickaxe":2,"minecraft:white_bed":1,"minecraft:torch":8},"minecraft:killed_by":{"minecraft:skeleton":3,"minecraft:creeper":1,"minecraft:zombie":2,"minecraft:enderman":1},"minecraft:dropped":{"minecraft:cobblestone":73,"minecraft:dirt":24,"minecraft:bone_meal":6},"minecraft:picked_up":{"minecraft:crafting_table":6,"minecraft:feather":2,"minecraft:chicken":1,"minecraft:andesite":4,"minecraft:leather":3,"minecraft:wooden_pickaxe":5,"minecraft:potato":8,"minecraft:dirt":188,"minecraft:lapis_lazuli":16,"minecraft:string":1,"minecraft:blue_bed":1,"minecraft:bone":4,"minecraft:wheat_seeds":2,"minecraft:spruce_planks":21,"minecraft:beef":3,"minecraft:stone_pickaxe":4,"minecraft:sugar_cane":7,"minecraft:furnace":8,"minecraft:raw_iron":141,"minecraft:oak_fence":2,"minecraft:torch":42,"minecraft:spruce_fence":1,"minecraft:gravel":10,"minecraft:stripped_spruce_log":1,"minecraft:carrot":4,"minecraft:spruce_log":10,"minecraft:arrow":6,"minecraft:rotten_flesh":22,"minecraft:beetroot_seeds":5,"minecraft:blue_ice":1,"minecraft:bone_meal":6,"minecraft:emerald":4,"minecraft:mutton":5,"minecraft:coal":30,"minecraft:snowball":180,"minecraft:white_wool":7,"minecraft:cobblestone":162},"minecraft:used":{"minecraft:stone_pickaxe":121,"minecraft:spruce_planks":2,"minecraft:wooden_pickaxe":19,"minecraft:rotten_flesh":14,"minecraft:torch":1,"minecraft:dirt":103,"minecraft:crafting_table":4,"minecraft:snowball":66,"minecraft:apple":3,"minecraft:gravel":1,"minecraft:stone_axe":42,"minecraft:furnace":2,"minecraft:andesite":2},"minecraft:killed":{"minecraft:spider":1,"minecraft:sheep":3,"minecraft:skeleton":3,"minecraft:zombie":8,"minecraft:chicken":1,"minecraft:cow":2},"minecraft:broken":{"minecraft:wooden_pickaxe":1},"minecraft:mined":{"minecraft:crafting_table":5,"minecraft:spruce_fence":1,"minecraft:grass_block":6,"minecraft:spruce_leaves":5,"minecraft:lapis_ore":2,"minecraft:sugar_cane":2,"minecraft:blue_bed":1,"minecraft:furnace":2,"minecraft:iron_ore":58,"minecraft:spruce_log":13,"minecraft:andesite":1,"minecraft:stripped_spruce_log":2,"minecraft:grass":1,"minecraft:coal_ore":14,"minecraft:deepslate_iron_ore":1,"minecraft:gravel":1,"minecraft:dirt":28,"minecraft:packed_ice":2,"minecraft:stone":55},"minecraft:custom":{"minecraft:interact_with_furnace":6,"minecraft:mob_kills":18,"minecraft:interact_with_crafting_table":10,"minecraft:interact_with_grindstone":1,"minecraft:time_since_death":1013,"minecraft:time_since_rest":1042,"minecraft:sprint_one_cm":209321,"minecraft:damage_taken":2343,"minecraft:walk_one_cm":117331,"minecraft:drop":21,"minecraft:damage_dealt":4103,"minecraft:swim_one_cm":5305,"minecraft:fly_one_cm":160632,"minecraft:open_chest":2,"minecraft:crouch_one_cm":21206,"minecraft:play_time":53754,"minecraft:deaths":8,"minecraft:sneak_time":8722,"minecraft:walk_under_water_one_cm":3314,"minecraft:jump":912,"minecraft:walk_on_water_one_cm":10112,"minecraft:total_world_time":53754,"minecraft:fall_one_cm":21862}},"DataVersion":3465}