{"stats":{"minecraft:crafted":{"minecraft:oak_planks":420,"minecraft:iron_nugget":9,"minecraft:cooked_chicken":6,"minecraft:furnace":3,"minecraft:bone_meal":18,"minecraft:cooked_mutton":5,"minecraft:bow":2,"minecraft:iron_boots":3,"minecraft:spruce_slab":30,"minecraft:stone_pickaxe":9,"minecraft:spruce_boat":2,"minecraft:stone_hoe":1,"minecraft:cooked_rabbit":1,"minecraft:cooked_beef":14,"minecraft:sugar":4,"minecraft:emerald":26,"minecraft:crafting_table":5,"minecraft:spruce_planks":304,"minecraft:iron_helmet":4,"minecraft:baked_potato":1,"minecraft:wooden_pickaxe":6,"minecraft:spruce_door":3,"minecraft:cooked_salmon":8,"minecraft:fletching_table":1,"minecraft:birch_planks":76,"minecraft:bucket":2,"minecraft:stone_axe":10,"minecraft:bread":1,"minecraft:air":0,"minecraft:iron_chestplate":1,"minecraft:shield":3,"minecraft:stick":1008,"minecraft:iron_ingot":74,"minecraft:iron_leggings":3,"minecraft:white_bed":4,"minecraft:spruce_fence_gate":1,"minecraft:torch":60,"minecraft:shears":2},"minecraft:killed_by":{"minecraft:stray":3,"minecraft:creeper":1,"minecraft:spider":3,"minecraft:enderman":1,"minecraft:skeleton":5,"minecraft:witch":1,"minecraft:zombie":4},"minecraft:dropped":{"minecraft:iron_ingot":12,"minecraft:black_dye":5,"minecraft:cooked_beef":10,"minecraft:smithing_table":1,"minecraft:cobblestone":117,"minecraft:feather":8,"minecraft:iron_helmet":11,"minecraft:glow_berries":22,"minecraft:stick":20,"minecraft:dirt":24,"minecraft:ink_sac":2,"minecraft:mutton":2,"minecraft:cooked_salmon":9,"minecraft:iron_leggings":8,"minecraft:bone_meal":6,"minecraft:string":9,"minecraft:white_wool":4,"minecraft:spruce_sapling":1,"minecraft:gravel":4,"minecraft:furnace":1,"minecraft:iron_nugget":54,"minecraft:cooked_chicken":3,"minecraft:cobbled_deepslate":8,"minecraft:pink_dye":38,"minecraft:composter":1,"minecraft:rotten_flesh":1,"minecraft:oak_planks":6,"minecraft:iron_boots":2,"minecraft:light_gray_carpet":3,"minecraft:cooked_mutton":1,"minecraft:poppy":2,"minecraft:potato":1,"minecraft:shield":3,"minecraft:peony":3,"minecraft:spruce_planks":55,"minecraft:iron_chestplate":2,"minecraft:beetroot_seeds":4,"minecraft:iron_bars":3,"minecraft:bow":1,"minecraft:wooden_pickaxe":3,"minecraft:arrow":10,"minecraft:stone_pickaxe":1,"minecraft:black_wool":1},"minecraft:picked_up":{"minecraft:fishing_rod":8,"minecraft:iron_chestplate":2,"minecraft:crafting_table":9,"minecraft:wheat":40,"minecraft:azure_bluet":1,"minecraft:ladder":2,"minecraft:chicken":17,"minecraft:smithing_table":1,"minecraft:lead":25,"minecraft:wooden_pickaxe":7,"minecraft:pink_wool":1,"minecraft:shield":10,"minecraft:red_bed":3,"minecraft:raw_copper":5,"minecraft:cornflower":2,"minecraft:string":32,"minecraft:cooked_salmon":5,"minecraft:white_carpet":24,"minecraft:iron_leggings":7,"minecraft:cobbled_deepslate":35,"minecraft:bucket":1,"minecraft:spruce_planks":59,"minecraft:beef":44,"minecraft:spruce_slab":8,"minecraft:iron_nugget":45,"minecraft:poppy":17,"minecraft:iron_pickaxe":1,"minecraft:sugar_cane":11,"minecraft:iron_boots":4,"minecraft:furnace":11,"minecraft:tipped_arrow":4,"minecraft:stick":265,"minecraft:raw_iron":399,"minecraft:composter":4,"minecraft:oak_fence":8,"minecraft:torch":61,"minecraft:spruce_stairs":1,"minecraft:spruce_fence":9,"minecraft:porkchop":4,"minecraft:pointed_dripstone":36,"minecraft:diorite":30,"minecraft:carrot":4,"minecraft:redstone":12,"minecraft:black_dye":10,"minecraft:orange_bed":1,"minecraft:arrow":160,"minecraft:rotten_flesh":67,"minecraft:beetroot_seeds":17,"minecraft:peony":6,"minecraft:shears":1,"minecraft:iron_bars":8,"minecraft:glow_berries":50,"minecraft:mutton":12,"minecraft:rail":12,"minecraft:snowball":440,"minecraft:white_wool":32,"minecraft:cobblestone":446,"minecraft:birch_log":19,"minecraft:feather":27,"minecraft:cooked_beef":2,"minecraft:andesite":4,"minecraft:salmon":32,"minecraft:leather":21,"minecraft:potato":10,"minecraft:flint":3,"minecraft:stripped_spruce_wood":7,"minecraft:oak_log":106,"minecraft:lapis_lazuli":749,"minecraft:dirt":470,"minecraft:blue_bed":2,"minecraft:name_tag":2,"minecraft:leather_boots":4,"minecraft:bone":81,"minecraft:apple":3,"minecraft:bow":12,"minecraft:cooked_chicken":5,"minecraft:wheat_seeds":269,"minecraft:iron_ingot":13,"minecraft:stone_pickaxe":13,"minecraft:rabbit":1,"minecraft:powered_rail":20,"minecraft:oak_planks":30,"minecraft:pumpkin":3,"minecraft:lava_bucket":5,"minecraft:dandelion":19,"minecraft:dripstone_block":1,"minecraft:gravel":41,"minecraft:stripped_spruce_log":10,"minecraft:spruce_sapling":2,"minecraft:ink_sac":2,"minecraft:white_bed":17,"minecraft:spruce_log":59,"minecraft:spider_eye":2,"minecraft:spruce_door":1,"minecraft:pumpkin_seeds":40,"minecraft:purple_bed":1,"minecraft:spruce_boat":4,"minecraft:stone_axe":8,"minecraft:iron_helmet":8,"minecraft:blue_ice":1,"minecraft:bone_meal":7,"minecraft:golden_apple":4,"minecraft:emerald":28,"minecraft:light_gray_carpet":9,"minecraft:oak_sapling":9,"minecraft:black_wool":2,"minecraft:coal":134,"minecraft:pink_dye":38,"minecraft:ender_pearl":4},"minecraft:used":{"minecraft:spruce_slab":26,"minecraft:ladder":2,"minecraft:spruce_planks":72,"minecraft:shield":57,"minecraft:cooked_chicken":2,"minecraft:cooked_salmon":9,"minecraft:rotten_flesh":17,"minecraft:stone_hoe":27,"minecraft:orange_bed":1,"minecraft:torch":75,"minecraft:dirt":338,"minecraft:carrot":4,"minecraft:spruce_fence":7,"minecraft:snowball":86,"minecraft:spruce_boat":4,"minecraft:lava_bucket":1,"minecraft:iron_boots":1,"minecraft:bow":1,"minecraft:furnace":4,"minecraft:cooked_beef":8,"minecraft:cobbled_deepslate":11,"minecraft:iron_leggings":1,"minecraft:wheat_seeds":57,"minecraft:cooked_mutton":4,"minecraft:water_bucket":6,"minecraft:diorite":28,"minecraft:spruce_door":2,"minecraft:birch_planks":4,"minecraft:stone_pickaxe":582,"minecraft:baked_potato":1,"minecraft:oak_planks":29,"minecraft:composter":1,"minecraft:spruce_fence_gate":1,"minecraft:wooden_pickaxe":52,"minecraft:fletching_table":1,"minecraft:golden_apple":1,"minecraft:glow_berries":20,"minecraft:crafting_table":7,"minecraft:white_bed":18,"minecraft:dripstone_block":1,"minecraft:pumpkin_seeds":8,"minecraft:oak_log":1,"minecraft:apple":6,"minecraft:bread":1,"minecraft:spruce_sapling":1,"minecraft:gravel":28,"minecraft:purple_bed":1,"minecraft:stone_axe":593,"minecraft:fishing_rod":6,"minecraft:cobblestone":149,"minecraft:cooked_porkchop":3,"minecraft:bucket":8,"minecraft:cooked_rabbit":1,"minecraft:andesite":2,"minecraft:splash_potion":1,"minecraft:bone_meal":17},"minecraft:killed":{"minecraft:witch":1,"minecraft:spider":5,"minecraft:skeleton":16,"minecraft:chicken":7,"minecraft:pig":2,"minecraft:zombie_villager":1,"minecraft:salmon":33,"minecraft:rabbit":1,"minecraft:wandering_trader":1,"minecraft:squid":1,"minecraft:sheep":5,"minecraft:trader_llama":1,"minecraft:zombie":28,"minecraft:stray":6,"minecraft:villager":1,"minecraft:enderman":2,"minecraft:cow":6},"minecraft:broken":{"minecraft:wooden_pickaxe":1,"minecraft:stone_pickaxe":1,"minecraft:stone_axe":4,"minecraft:bow":1},"minecraft:mined":{"minecraft:red_carpet":2,"minecraft:spruce_planks":8,"minecraft:white_bed":17,"minecraft:granite":5,"minecraft:ladder":2,"minecraft:brewing_stand":1,"minecraft:grass_block":106,"minecraft:spruce_fence":10,"minecraft:spruce_leaves":34,"minecraft:composter":1,"minecraft:pink_wool":1,"minecraft:tall_seagrass":7,"minecraft:furnace":2,"minecraft:iron_ore":107,"minecraft:andesite":15,"minecraft:stripped_spruce_log":11,"minecraft:pumpkin":3,"minecraft:fletching_table":1,"minecraft:deepslate_lapis_ore":17,"minecraft:peony":2,"minecraft:pointed_dripstone":8,"minecraft:rail":3,"minecraft:deepslate_iron_ore":22,"minecraft:iron_bars":4,"minecraft:packed_ice":2,"minecraft:stone":318,"minecraft:orange_bed":1,"minecraft:light_gray_carpet":3,"minecraft:red_bed":1,"minecraft:dandelion":2,"minecraft:cornflower":2,"minecraft:spruce_door":1,"minecraft:powder_snow":9,"minecraft:crafting_table":6,"minecraft:poppy":1,"minecraft:tall_grass":4,"minecraft:cobblestone":23,"minecraft:lapis_ore":7,"minecraft:sugar_cane":3,"minecraft:oak_planks":7,"minecraft:diorite":26,"minecraft:blue_bed":2,"minecraft:wall_torch":1,"minecraft:seagrass":2,"minecraft:purple_bed":1,"minecraft:stripped_spruce_wood":7,"minecraft:birch_log":18,"minecraft:wheat":33,"minecraft:ice":16,"minecraft:white_carpet":9,"minecraft:spruce_log":62,"minecraft:grass":37,"minecraft:sand":3,"minecraft:oak_log":96,"minecraft:coal_ore":42,"minecraft:gravel":34,"minecraft:dripstone_block":1,"minecraft:dirt":121,"minecraft:stone_bricks":2,"minecraft:deepslate":10,"minecraft:oak_leaves":22},"minecraft:custom":{"minecraft:interact_with_smithing_table":1,"minecraft:mob_kills":122,"minecraft:animals_bred":4,"minecraft:interact_with_crafting_table":94,"minecraft:bell_ring":24,"minecraft:leave_game":3,"minecraft:time_since_death":0,"minecraft:climb_one_cm":5261,"minecraft:sprint_one_cm":1166247,"minecraft:walk_one_cm":774726,"minecraft:damage_blocked_by_shield":1375,"minecraft:drop":125,"minecraft:talked_to_villager":31,"minecraft:play_time":356399,"minecraft:deaths":23,"minecraft:sneak_time":37349,"minecraft:walk_under_water_one_cm":26980,"minecraft:boat_one_cm":18408,"minecraft:jump":5404,"minecraft:interact_with_brewingstand":2,"minecraft:walk_on_water_one_cm":32966,"minecraft:total_world_time":356399,"minecraft:interact_with_furnace":71,"minecraft:traded_with_villager":26,"minecraft:interact_with_grindstone":1,"minecraft:sleep_in_bed":13,"minecraft:time_since_rest":507,"minecraft:damage_absorbed":40,"minecraft:damage_taken":7839,"minecraft:damage_dealt":19921,"minecraft:swim_one_cm":65738,"minecraft:fly_one_cm":810576,"minecraft:open_chest":75,"minecraft:crouch_one_cm":92155,"minecraft:fall_one_cm":134832}},"DataVersion":3465}