{"stats":{"minecraft:killed":{"minecraft:spider":1,"minecraft:rabbit":1,"minecraft:sheep":3,"minecraft:skeleton":3,"minecraft:zombie":9,"minecraft:chicken":1,"minecraft:cow":2},"minecraft:picked_up":{"minecraft:crafting_table":6,"minecraft:feather":2,"minecraft:chicken":1,"minecraft:andesite":4,"minecraft:leather":3,"minecraft:wooden_pickaxe":5,"minecraft:potato":8,"minecraft:blue_bed":1,"minecraft:lapis_lazuli":16,"minecraft:dirt":212,"minecraft:string":1,"minecraft:bone":6,"minecraft:wheat_seeds":2,"minecraft:spruce_planks":22,"minecraft:beef":3,"minecraft:stone_pickaxe":4,"minecraft:rabbit":1,"minecraft:sugar_cane":7,"minecraft:furnace":8,"minecraft:raw_iron":141,"minecraft:pumpkin":3,"minecraft:oak_fence":2,"minecraft:torch":42,"minecraft:gravel":10,"minecraft:spruce_fence":1,"minecraft:stripped_spruce_log":1,"minecraft:spruce_sapling":1,"minecraft:carrot":4,"minecraft:spruce_log":31,"minecraft:arrow":7,"minecraft:rotten_flesh":23,"minecraft:beetroot_seeds":5,"minecraft:blue_ice":1,"minecraft:bone_meal":6,"minecraft:emerald":4,"minecraft:mutton":5,"minecraft:coal":30,"minecraft:snowball":180,"minecraft:white_wool":7,"minecraft:cobblestone":177},"minecraft:killed_by":{"minecraft:skeleton":4,"minecraft:creeper":1,"minecraft:spider":1,"minecraft:zombie":2,"minecraft:enderman":1},"minecraft:dropped":{"minecraft:cobblestone":73,"minecraft:dirt":24,"minecraft:bone_meal":6},"minecraft:mined":{"minecraft:spruce_planks":1,"minecraft:powder_snow":9,"minecraft:crafting_table":5,"minecraft:grass_block":20,"minecraft:spruce_fence":1,"minecraft:spruce_leaves":17,"minecraft:lapis_ore":2,"minecraft:sugar_cane":2,"minecraft:blue_bed":1,"minecraft:furnace":2,"minecraft:iron_ore":58,"minecraft:ice":1,"minecraft:spruce_log":34,"minecraft:andesite":1,"minecraft:stripped_spruce_log":2,"minecraft:pumpkin":3,"minecraft:grass":1,"minecraft:coal_ore":14,"minecraft:deepslate_iron_ore":1,"minecraft:gravel":1,"minecraft:dirt":38,"minecraft:packed_ice":2,"minecraft:stone":72},"minecraft:crafted":{"minecraft:crafting_table":4,"minecraft:spruce_planks":128,"minecraft:iron_helmet":1,"minecraft:wooden_pickaxe":3,"minecraft:furnace":2,"minecraft:stone_axe":3,"minecraft:air":0,"minecraft:iron_chestplate":1,"minecraft:iron_boots":1,"minecraft:shield":2,"minecraft:stick":24,"minecraft:iron_ingot":47,"minecraft:stone_pickaxe":3,"minecraft:iron_leggings":1,"minecraft:white_bed":1,"minecraft:torch":8,"minecraft:cooked_rabbit":1},"minecraft:broken":{"minecraft:wooden_pickaxe":1},"minecraft:used":{"minecraft:stone_pickaxe":134,"minecraft:spruce_planks":23,"minecraft:wooden_pickaxe":25,"minecraft:rotten_flesh":14,"minecraft:torch":1,"minecraft:dirt":128,"minecraft:crafting_table":5,"minecraft:carrot":4,"minecraft:snowball":66,"minecraft:apple":3,"minecraft:gravel":1,"minecraft:stone_axe":65,"minecraft:furnace":3,"minecraft:cooked_rabbit":1,"minecraft:andesite":2},"minecraft:custom":{"minecraft:interact_with_furnace":17,"minecraft:mob_kills":20,"minecraft:interact_with_crafting_table":17,"minecraft:interact_with_grindstone":1,"minecraft:time_since_death":14621,"minecraft:time_since_rest":14652,"minecraft:sprint_one_cm":281005,"minecraft:damage_taken":2948,"minecraft:walk_one_cm":168832,"minecraft:drop":21,"minecraft:damage_dealt":4341,"minecraft:swim_one_cm":5305,"minecraft:fly_one_cm":250297,"minecraft:open_chest":2,"minecraft:crouch_one_cm":25210,"minecraft:play_time":75744,"minecraft:sneak_time":10119,"minecraft:deaths":10,"minecraft:walk_under_water_one_cm":3314,"minecraft:jump":1544,"minecraft:walk_on_water_one_cm":11052,"minecraft:total_world_time":75744,"minecraft:fall_one_cm":38499}},"DataVersion":3465}