{"stats":{"minecraft:crafted":{"minecraft:oak_planks":420,"minecraft:iron_nugget":9,"minecraft:cooked_chicken":4,"minecraft:furnace":3,"minecraft:bone_meal":18,"minecraft:cooked_mutton":5,"minecraft:iron_boots":3,"minecraft:stone_pickaxe":6,"minecraft:spruce_boat":1,"minecraft:stone_hoe":1,"minecraft:cooked_rabbit":1,"minecraft:cooked_beef":14,"minecraft:sugar":4,"minecraft:emerald":24,"minecraft:crafting_table":5,"minecraft:spruce_planks":244,"minecraft:iron_helmet":4,"minecraft:baked_potato":1,"minecraft:wooden_pickaxe":5,"minecraft:spruce_door":3,"minecraft:cooked_salmon":2,"minecraft:fletching_table":1,"minecraft:birch_planks":76,"minecraft:bucket":1,"minecraft:stone_axe":7,"minecraft:bread":1,"minecraft:air":0,"minecraft:iron_chestplate":1,"minecraft:shield":3,"minecraft:stick":984,"minecraft:iron_ingot":74,"minecraft:iron_leggings":3,"minecraft:white_bed":1,"minecraft:torch":40},"minecraft:killed_by":{"minecraft:stray":1,"minecraft:creeper":1,"minecraft:spider":1,"minecraft:enderman":1,"minecraft:skeleton":5,"minecraft:zombie":3},"minecraft:dropped":{"minecraft:iron_ingot":12,"minecraft:cooked_beef":10,"minecraft:smithing_table":1,"minecraft:cobblestone":117,"minecraft:feather":8,"minecraft:iron_helmet":11,"minecraft:stick":20,"minecraft:dirt":24,"minecraft:ink_sac":2,"minecraft:mutton":2,"minecraft:cooked_salmon":6,"minecraft:iron_leggings":7,"minecraft:bone_meal":6,"minecraft:string":9,"minecraft:white_wool":4,"minecraft:spruce_sapling":1,"minecraft:gravel":4,"minecraft:furnace":1,"minecraft:iron_nugget":54,"minecraft:cooked_chicken":2,"minecraft:pink_dye":38,"minecraft:composter":1,"minecraft:rotten_flesh":1,"minecraft:oak_planks":6,"minecraft:iron_boots":2,"minecraft:cooked_mutton":1,"minecraft:poppy":2,"minecraft:potato":1,"minecraft:shield":3,"minecraft:peony":3,"minecraft:spruce_planks":55,"minecraft:iron_chestplate":1,"minecraft:bow":1,"minecraft:wooden_pickaxe":2,"minecraft:arrow":10,"minecraft:stone_pickaxe":1,"minecraft:black_wool":1},"minecraft:picked_up":{"minecraft:fishing_rod":1,"minecraft:iron_chestplate":1,"minecraft:crafting_table":9,"minecraft:wheat":5,"minecraft:azure_bluet":1,"minecraft:chicken":13,"minecraft:smithing_table":1,"minecraft:lead":7,"minecraft:wooden_pickaxe":6,"minecraft:shield":3,"minecraft:cornflower":2,"minecraft:string":12,"minecraft:cooked_salmon":3,"minecraft:iron_leggings":6,"minecraft:spruce_planks":38,"minecraft:beef":20,"minecraft:iron_nugget":45,"minecraft:poppy":17,"minecraft:sugar_cane":11,"minecraft:iron_boots":1,"minecraft:furnace":10,"minecraft:tipped_arrow":3,"minecraft:stick":27,"minecraft:raw_iron":172,"minecraft:composter":2,"minecraft:oak_fence":2,"minecraft:torch":43,"minecraft:spruce_stairs":1,"minecraft:spruce_fence":3,"minecraft:porkchop":4,"minecraft:pointed_dripstone":8,"minecraft:carrot":4,"minecraft:arrow":33,"minecraft:rotten_flesh":38,"minecraft:beetroot_seeds":5,"minecraft:peony":6,"minecraft:shears":1,"minecraft:mutton":12,"minecraft:rail":1,"minecraft:snowball":205,"minecraft:white_wool":13,"minecraft:cobblestone":396,"minecraft:birch_log":19,"minecraft:feather":23,"minecraft:cooked_beef":2,"minecraft:andesite":4,"minecraft:salmon":32,"minecraft:leather":7,"minecraft:potato":10,"minecraft:flint":3,"minecraft:stripped_spruce_wood":5,"minecraft:oak_log":106,"minecraft:lapis_lazuli":41,"minecraft:dirt":360,"minecraft:blue_bed":2,"minecraft:bone":23,"minecraft:bow":2,"minecraft:wheat_seeds":41,"minecraft:iron_ingot":13,"minecraft:stone_pickaxe":6,"minecraft:rabbit":1,"minecraft:oak_planks":19,"minecraft:pumpkin":3,"minecraft:dandelion":19,"minecraft:dripstone_block":1,"minecraft:gravel":41,"minecraft:stripped_spruce_log":3,"minecraft:spruce_sapling":2,"minecraft:ink_sac":2,"minecraft:white_bed":1,"minecraft:spruce_log":53,"minecraft:spruce_door":1,"minecraft:pumpkin_seeds":40,"minecraft:spruce_boat":3,"minecraft:stone_axe":1,"minecraft:iron_helmet":8,"minecraft:blue_ice":1,"minecraft:bone_meal":7,"minecraft:emerald":4,"minecraft:oak_sapling":1,"minecraft:black_wool":1,"minecraft:coal":111,"minecraft:pink_dye":38},"minecraft:used":{"minecraft:spruce_planks":53,"minecraft:shield":31,"minecraft:cooked_chicken":2,"minecraft:cooked_salmon":6,"minecraft:rotten_flesh":17,"minecraft:stone_hoe":27,"minecraft:torch":34,"minecraft:dirt":267,"minecraft:carrot":4,"minecraft:spruce_fence":1,"minecraft:snowball":72,"minecraft:spruce_boat":3,"minecraft:bow":1,"minecraft:furnace":4,"minecraft:cooked_beef":8,"minecraft:wheat_seeds":35,"minecraft:cooked_mutton":4,"minecraft:water_bucket":2,"minecraft:spruce_door":2,"minecraft:birch_planks":4,"minecraft:stone_pickaxe":384,"minecraft:baked_potato":1,"minecraft:oak_planks":23,"minecraft:wooden_pickaxe":46,"minecraft:fletching_table":1,"minecraft:crafting_table":7,"minecraft:dripstone_block":1,"minecraft:pumpkin_seeds":8,"minecraft:oak_log":1,"minecraft:apple":3,"minecraft:bread":1,"minecraft:spruce_sapling":1,"minecraft:gravel":28,"minecraft:stone_axe":408,"minecraft:fishing_rod":6,"minecraft:cobblestone":127,"minecraft:bucket":2,"minecraft:cooked_rabbit":1,"minecraft:andesite":2,"minecraft:bone_meal":17},"minecraft:killed":{"minecraft:spider":3,"minecraft:skeleton":9,"minecraft:chicken":7,"minecraft:pig":2,"minecraft:salmon":33,"minecraft:rabbit":1,"minecraft:squid":1,"minecraft:sheep":5,"minecraft:trader_llama":1,"minecraft:zombie":21,"minecraft:stray":3,"minecraft:cow":6},"minecraft:broken":{"minecraft:wooden_pickaxe":1,"minecraft:stone_pickaxe":1,"minecraft:stone_axe":3,"minecraft:bow":1},"minecraft:mined":{"minecraft:spruce_planks":3,"minecraft:white_bed":1,"minecraft:grass_block":45,"minecraft:spruce_fence":4,"minecraft:spruce_leaves":29,"minecraft:tall_seagrass":7,"minecraft:furnace":2,"minecraft:iron_ore":79,"minecraft:andesite":1,"minecraft:stripped_spruce_log":4,"minecraft:pumpkin":3,"minecraft:deepslate_lapis_ore":3,"minecraft:peony":2,"minecraft:pointed_dripstone":4,"minecraft:deepslate_iron_ore":9,"minecraft:packed_ice":2,"minecraft:stone":254,"minecraft:dandelion":2,"minecraft:cornflower":2,"minecraft:spruce_door":1,"minecraft:powder_snow":9,"minecraft:crafting_table":6,"minecraft:poppy":1,"minecraft:tall_grass":4,"minecraft:cobblestone":19,"minecraft:lapis_ore":3,"minecraft:sugar_cane":3,"minecraft:oak_planks":6,"minecraft:blue_bed":2,"minecraft:wall_torch":1,"minecraft:seagrass":2,"minecraft:stripped_spruce_wood":5,"minecraft:birch_log":18,"minecraft:wheat":11,"minecraft:ice":12,"minecraft:spruce_log":56,"minecraft:grass":34,"minecraft:oak_log":96,"minecraft:coal_ore":41,"minecraft:gravel":34,"minecraft:dripstone_block":1,"minecraft:dirt":100,"minecraft:oak_leaves":22},"minecraft:custom":{"minecraft:mob_kills":94,"minecraft:interact_with_crafting_table":79,"minecraft:bell_ring":1,"minecraft:leave_game":2,"minecraft:time_since_death":143134,"minecraft:sprint_one_cm":746051,"minecraft:walk_one_cm":467855,"minecraft:damage_blocked_by_shield":600,"minecraft:drop":113,"minecraft:talked_to_villager":8,"minecraft:play_time":245571,"minecraft:deaths":14,"minecraft:sneak_time":26383,"minecraft:walk_under_water_one_cm":26651,"minecraft:boat_one_cm":15021,"minecraft:jump":3852,"minecraft:walk_on_water_one_cm":27287,"minecraft:total_world_time":245571,"minecraft:interact_with_furnace":59,"minecraft:traded_with_villager":24,"minecraft:interact_with_grindstone":1,"minecraft:sleep_in_bed":8,"minecraft:time_since_rest":18372,"minecraft:damage_taken":5181,"minecraft:damage_dealt":13515,"minecraft:swim_one_cm":62766,"minecraft:fly_one_cm":583775,"minecraft:open_chest":46,"minecraft:crouch_one_cm":59094,"minecraft:fall_one_cm":95486}},"DataVersion":3465}