{"stats":{"minecraft:crafted":{"minecraft:oak_planks":420,"minecraft:iron_nugget":9,"minecraft:cooked_chicken":4,"minecraft:furnace":3,"minecraft:bone_meal":18,"minecraft:cooked_mutton":5,"minecraft:iron_boots":3,"minecraft:stone_pickaxe":6,"minecraft:spruce_boat":1,"minecraft:stone_hoe":1,"minecraft:cooked_rabbit":1,"minecraft:cooked_beef":14,"minecraft:sugar":4,"minecraft:emerald":25,"minecraft:crafting_table":5,"minecraft:spruce_planks":264,"minecraft:iron_helmet":4,"minecraft:baked_potato":1,"minecraft:wooden_pickaxe":5,"minecraft:spruce_door":3,"minecraft:cooked_salmon":2,"minecraft:fletching_table":1,"minecraft:birch_planks":76,"minecraft:bucket":1,"minecraft:stone_axe":7,"minecraft:bread":1,"minecraft:air":0,"minecraft:iron_chestplate":1,"minecraft:shield":3,"minecraft:stick":984,"minecraft:iron_ingot":74,"minecraft:iron_leggings":3,"minecraft:white_bed":1,"minecraft:spruce_fence_gate":1,"minecraft:torch":40},"minecraft:killed_by":{"minecraft:stray":2,"minecraft:creeper":1,"minecraft:spider":1,"minecraft:enderman":1,"minecraft:skeleton":5,"minecraft:witch":1,"minecraft:zombie":3},"minecraft:dropped":{"minecraft:iron_ingot":12,"minecraft:black_dye":5,"minecraft:cooked_beef":10,"minecraft:smithing_table":1,"minecraft:cobblestone":117,"minecraft:feather":8,"minecraft:iron_helmet":11,"minecraft:stick":20,"minecraft:dirt":24,"minecraft:ink_sac":2,"minecraft:mutton":2,"minecraft:cooked_salmon":6,"minecraft:iron_leggings":8,"minecraft:bone_meal":6,"minecraft:string":9,"minecraft:white_wool":4,"minecraft:spruce_sapling":1,"minecraft:gravel":4,"minecraft:furnace":1,"minecraft:iron_nugget":54,"minecraft:cooked_chicken":2,"minecraft:pink_dye":38,"minecraft:composter":1,"minecraft:rotten_flesh":1,"minecraft:oak_planks":6,"minecraft:iron_boots":2,"minecraft:cooked_mutton":1,"minecraft:poppy":2,"minecraft:potato":1,"minecraft:shield":3,"minecraft:peony":3,"minecraft:spruce_planks":55,"minecraft:iron_chestplate":2,"minecraft:bow":1,"minecraft:wooden_pickaxe":2,"minecraft:arrow":10,"minecraft:stone_pickaxe":1,"minecraft:black_wool":1},"minecraft:picked_up":{"minecraft:fishing_rod":3,"minecraft:iron_chestplate":2,"minecraft:crafting_table":9,"minecraft:wheat":31,"minecraft:azure_bluet":1,"minecraft:chicken":17,"minecraft:smithing_table":1,"minecraft:lead":15,"minecraft:wooden_pickaxe":7,"minecraft:pink_wool":1,"minecraft:shield":5,"minecraft:raw_copper":5,"minecraft:cornflower":2,"minecraft:string":18,"minecraft:cooked_salmon":3,"minecraft:iron_leggings":7,"minecraft:bucket":1,"minecraft:spruce_planks":50,"minecraft:beef":29,"minecraft:iron_nugget":45,"minecraft:poppy":17,"minecraft:iron_pickaxe":1,"minecraft:sugar_cane":11,"minecraft:iron_boots":1,"minecraft:furnace":11,"minecraft:tipped_arrow":3,"minecraft:stick":216,"minecraft:raw_iron":172,"minecraft:composter":2,"minecraft:oak_fence":2,"minecraft:torch":43,"minecraft:spruce_stairs":1,"minecraft:spruce_fence":5,"minecraft:porkchop":4,"minecraft:pointed_dripstone":8,"minecraft:carrot":4,"minecraft:black_dye":10,"minecraft:arrow":67,"minecraft:rotten_flesh":40,"minecraft:beetroot_seeds":5,"minecraft:peony":6,"minecraft:shears":1,"minecraft:mutton":12,"minecraft:rail":1,"minecraft:snowball":283,"minecraft:white_wool":13,"minecraft:cobblestone":413,"minecraft:birch_log":19,"minecraft:feather":27,"minecraft:cooked_beef":2,"minecraft:andesite":4,"minecraft:salmon":32,"minecraft:leather":11,"minecraft:potato":10,"minecraft:flint":3,"minecraft:stripped_spruce_wood":7,"minecraft:oak_log":106,"minecraft:lapis_lazuli":41,"minecraft:dirt":384,"minecraft:blue_bed":2,"minecraft:leather_boots":2,"minecraft:bone":24,"minecraft:bow":2,"minecraft:wheat_seeds":105,"minecraft:iron_ingot":13,"minecraft:stone_pickaxe":8,"minecraft:rabbit":1,"minecraft:oak_planks":19,"minecraft:pumpkin":3,"minecraft:dandelion":19,"minecraft:dripstone_block":1,"minecraft:gravel":41,"minecraft:stripped_spruce_log":3,"minecraft:spruce_sapling":2,"minecraft:ink_sac":2,"minecraft:white_bed":1,"minecraft:spruce_log":56,"minecraft:spruce_door":1,"minecraft:pumpkin_seeds":40,"minecraft:spruce_boat":4,"minecraft:stone_axe":4,"minecraft:iron_helmet":8,"minecraft:blue_ice":1,"minecraft:bone_meal":7,"minecraft:emerald":28,"minecraft:oak_sapling":9,"minecraft:black_wool":2,"minecraft:coal":111,"minecraft:pink_dye":38,"minecraft:ender_pearl":4},"minecraft:used":{"minecraft:spruce_planks":59,"minecraft:shield":31,"minecraft:cooked_chicken":2,"minecraft:cooked_salmon":6,"minecraft:rotten_flesh":17,"minecraft:stone_hoe":27,"minecraft:torch":34,"minecraft:dirt":273,"minecraft:carrot":4,"minecraft:spruce_fence":3,"minecraft:snowball":72,"minecraft:spruce_boat":3,"minecraft:bow":1,"minecraft:furnace":4,"minecraft:cooked_beef":8,"minecraft:iron_leggings":1,"minecraft:wheat_seeds":51,"minecraft:cooked_mutton":4,"minecraft:water_bucket":2,"minecraft:spruce_door":2,"minecraft:birch_planks":4,"minecraft:stone_pickaxe":390,"minecraft:baked_potato":1,"minecraft:oak_planks":23,"minecraft:spruce_fence_gate":1,"minecraft:wooden_pickaxe":46,"minecraft:fletching_table":1,"minecraft:crafting_table":7,"minecraft:dripstone_block":1,"minecraft:pumpkin_seeds":8,"minecraft:oak_log":1,"minecraft:apple":3,"minecraft:bread":1,"minecraft:spruce_sapling":1,"minecraft:gravel":28,"minecraft:stone_axe":475,"minecraft:fishing_rod":6,"minecraft:cobblestone":127,"minecraft:bucket":2,"minecraft:cooked_rabbit":1,"minecraft:andesite":2,"minecraft:bone_meal":17},"minecraft:killed":{"minecraft:witch":1,"minecraft:spider":3,"minecraft:skeleton":9,"minecraft:chicken":7,"minecraft:pig":2,"minecraft:salmon":33,"minecraft:rabbit":1,"minecraft:wandering_trader":1,"minecraft:squid":1,"minecraft:sheep":5,"minecraft:trader_llama":1,"minecraft:zombie":21,"minecraft:stray":3,"minecraft:enderman":2,"minecraft:cow":6},"minecraft:broken":{"minecraft:wooden_pickaxe":1,"minecraft:stone_pickaxe":1,"minecraft:stone_axe":3,"minecraft:bow":1},"minecraft:mined":{"minecraft:spruce_planks":3,"minecraft:white_bed":1,"minecraft:grass_block":45,"minecraft:spruce_fence":6,"minecraft:spruce_leaves":34,"minecraft:pink_wool":1,"minecraft:tall_seagrass":7,"minecraft:furnace":2,"minecraft:iron_ore":79,"minecraft:andesite":1,"minecraft:stripped_spruce_log":4,"minecraft:pumpkin":3,"minecraft:deepslate_lapis_ore":3,"minecraft:peony":2,"minecraft:pointed_dripstone":4,"minecraft:deepslate_iron_ore":9,"minecraft:packed_ice":2,"minecraft:stone":260,"minecraft:dandelion":2,"minecraft:cornflower":2,"minecraft:spruce_door":1,"minecraft:powder_snow":9,"minecraft:crafting_table":6,"minecraft:poppy":1,"minecraft:tall_grass":4,"minecraft:cobblestone":19,"minecraft:lapis_ore":3,"minecraft:sugar_cane":3,"minecraft:oak_planks":6,"minecraft:blue_bed":2,"minecraft:wall_torch":1,"minecraft:seagrass":2,"minecraft:stripped_spruce_wood":7,"minecraft:birch_log":18,"minecraft:wheat":26,"minecraft:ice":12,"minecraft:spruce_log":59,"minecraft:grass":34,"minecraft:oak_log":96,"minecraft:coal_ore":41,"minecraft:gravel":34,"minecraft:dripstone_block":1,"minecraft:dirt":104,"minecraft:oak_leaves":22},"minecraft:custom":{"minecraft:mob_kills":98,"minecraft:animals_bred":1,"minecraft:interact_with_crafting_table":82,"minecraft:bell_ring":1,"minecraft:leave_game":2,"minecraft:time_since_death":2196,"minecraft:sprint_one_cm":782648,"minecraft:walk_one_cm":507290,"minecraft:damage_blocked_by_shield":600,"minecraft:drop":116,"minecraft:talked_to_villager":10,"minecraft:play_time":257571,"minecraft:deaths":17,"minecraft:sneak_time":26676,"minecraft:walk_under_water_one_cm":26651,"minecraft:boat_one_cm":15021,"minecraft:jump":3991,"minecraft:walk_on_water_one_cm":27327,"minecraft:total_world_time":257571,"minecraft:interact_with_furnace":61,"minecraft:traded_with_villager":25,"minecraft:interact_with_grindstone":1,"minecraft:sleep_in_bed":9,"minecraft:time_since_rest":2229,"minecraft:damage_taken":5701,"minecraft:damage_dealt":15069,"minecraft:swim_one_cm":62766,"minecraft:fly_one_cm":604951,"minecraft:open_chest":51,"minecraft:crouch_one_cm":60015,"minecraft:fall_one_cm":99977}},"DataVersion":3465}