{"stats":{"minecraft:broken":{"minecraft:wooden_pickaxe":1,"minecraft:stone_pickaxe":1},"minecraft:custom":{"minecraft:mob_kills":35,"minecraft:interact_with_crafting_table":35,"minecraft:leave_game":1,"minecraft:time_since_death":24778,"minecraft:sprint_one_cm":368008,"minecraft:walk_one_cm":312322,"minecraft:damage_blocked_by_shield":275,"minecraft:drop":85,"minecraft:talked_to_villager":2,"minecraft:play_time":127215,"minecraft:deaths":14,"minecraft:sneak_time":16153,"minecraft:walk_under_water_one_cm":3314,"minecraft:jump":2196,"minecraft:walk_on_water_one_cm":11605,"minecraft:total_world_time":127215,"minecraft:interact_with_furnace":24,"minecraft:interact_with_grindstone":1,"minecraft:sleep_in_bed":1,"minecraft:time_since_rest":16032,"minecraft:damage_taken":4356,"minecraft:damage_dealt":7608,"minecraft:swim_one_cm":5305,"minecraft:fly_one_cm":294754,"minecraft:open_chest":8,"minecraft:crouch_one_cm":38750,"minecraft:fall_one_cm":51951},"minecraft:mined":{"minecraft:spruce_planks":1,"minecraft:white_bed":1,"minecraft:grass_block":36,"minecraft:spruce_fence":1,"minecraft:spruce_leaves":17,"minecraft:furnace":2,"minecraft:iron_ore":60,"minecraft:andesite":1,"minecraft:stripped_spruce_log":4,"minecraft:pumpkin":3,"minecraft:peony":2,"minecraft:pointed_dripstone":1,"minecraft:deepslate_iron_ore":1,"minecraft:packed_ice":2,"minecraft:stone":180,"minecraft:powder_snow":9,"minecraft:crafting_table":6,"minecraft:cobblestone":14,"minecraft:lapis_ore":2,"minecraft:sugar_cane":2,"minecraft:blue_bed":2,"minecraft:ice":1,"minecraft:spruce_log":41,"minecraft:grass":8,"minecraft:coal_ore":35,"minecraft:oak_log":2,"minecraft:dirt":70,"minecraft:gravel":1,"minecraft:oak_leaves":1},"minecraft:picked_up":{"minecraft:crafting_table":9,"minecraft:iron_chestplate":1,"minecraft:chicken":10,"minecraft:smithing_table":1,"minecraft:wooden_pickaxe":6,"minecraft:shield":3,"minecraft:string":12,"minecraft:iron_leggings":6,"minecraft:spruce_planks":36,"minecraft:beef":11,"minecraft:iron_nugget":45,"minecraft:poppy":16,"minecraft:sugar_cane":7,"minecraft:iron_boots":1,"minecraft:furnace":10,"minecraft:tipped_arrow":2,"minecraft:raw_iron":145,"minecraft:stick":20,"minecraft:composter":1,"minecraft:oak_fence":2,"minecraft:torch":42,"minecraft:spruce_stairs":1,"minecraft:spruce_fence":1,"minecraft:pointed_dripstone":2,"minecraft:carrot":4,"minecraft:arrow":21,"minecraft:rotten_flesh":33,"minecraft:beetroot_seeds":5,"minecraft:peony":6,"minecraft:mutton":9,"minecraft:snowball":180,"minecraft:white_wool":11,"minecraft:cobblestone":320,"minecraft:feather":18,"minecraft:andesite":4,"minecraft:leather":3,"minecraft:potato":10,"minecraft:oak_log":5,"minecraft:blue_bed":2,"minecraft:lapis_lazuli":16,"minecraft:dirt":297,"minecraft:bone":15,"minecraft:wheat_seeds":15,"minecraft:iron_ingot":13,"minecraft:stone_pickaxe":6,"minecraft:rabbit":1,"minecraft:oak_planks":3,"minecraft:pumpkin":3,"minecraft:dandelion":16,"minecraft:gravel":14,"minecraft:stripped_spruce_log":3,"minecraft:spruce_sapling":2,"minecraft:white_bed":1,"minecraft:spruce_log":38,"minecraft:stone_axe":1,"minecraft:iron_helmet":8,"minecraft:blue_ice":1,"minecraft:bone_meal":6,"minecraft:emerald":4,"minecraft:coal":105,"minecraft:black_wool":1,"minecraft:pink_dye":38},"minecraft:killed_by":{"minecraft:stray":1,"minecraft:creeper":1,"minecraft:spider":1,"minecraft:enderman":1,"minecraft:skeleton":5,"minecraft:zombie":3},"minecraft:used":{"minecraft:spruce_planks":23,"minecraft:shield":18,"minecraft:stone_hoe":3,"minecraft:rotten_flesh":17,"minecraft:torch":3,"minecraft:dirt":172,"minecraft:carrot":4,"minecraft:snowball":66,"minecraft:furnace":4,"minecraft:cooked_beef":2,"minecraft:wheat_seeds":2,"minecraft:spruce_door":1,"minecraft:stone_pickaxe":266,"minecraft:baked_potato":1,"minecraft:wooden_pickaxe":40,"minecraft:crafting_table":7,"minecraft:apple":3,"minecraft:spruce_sapling":1,"minecraft:gravel":1,"minecraft:stone_axe":131,"minecraft:cobblestone":107,"minecraft:cooked_rabbit":1,"minecraft:andesite":2,"minecraft:bone_meal":7},"minecraft:killed":{"minecraft:spider":3,"minecraft:skeleton":4,"minecraft:chicken":4,"minecraft:rabbit":1,"minecraft:sheep":3,"minecraft:zombie":15,"minecraft:stray":2,"minecraft:cow":2},"minecraft:crafted":{"minecraft:oak_planks":20,"minecraft:iron_nugget":9,"minecraft:furnace":3,"minecraft:bone_meal":9,"minecraft:iron_boots":2,"minecraft:stone_pickaxe":4,"minecraft:stone_hoe":1,"minecraft:cooked_rabbit":1,"minecraft:cooked_beef":2,"minecraft:crafting_table":5,"minecraft:spruce_planks":164,"minecraft:baked_potato":1,"minecraft:wooden_pickaxe":4,"minecraft:iron_helmet":3,"minecraft:spruce_door":3,"minecraft:stone_axe":4,"minecraft:air":0,"minecraft:iron_chestplate":1,"minecraft:shield":2,"minecraft:stick":36,"minecraft:iron_ingot":54,"minecraft:iron_leggings":2,"minecraft:white_bed":1,"minecraft:torch":12},"minecraft:dropped":{"minecraft:iron_ingot":12,"minecraft:smithing_table":1,"minecraft:iron_helmet":10,"minecraft:feather":8,"minecraft:cobblestone":78,"minecraft:stick":20,"minecraft:dirt":24,"minecraft:mutton":2,"minecraft:iron_leggings":6,"minecraft:bone_meal":6,"minecraft:string":9,"minecraft:white_wool":4,"minecraft:spruce_sapling":1,"minecraft:gravel":4,"minecraft:furnace":1,"minecraft:iron_nugget":54,"minecraft:pink_dye":38,"minecraft:composter":1,"minecraft:rotten_flesh":1,"minecraft:oak_planks":3,"minecraft:iron_boots":1,"minecraft:poppy":2,"minecraft:potato":1,"minecraft:shield":3,"minecraft:peony":3,"minecraft:spruce_planks":11,"minecraft:iron_chestplate":1,"minecraft:arrow":10,"minecraft:stone_pickaxe":1,"minecraft:wooden_pickaxe":1,"minecraft:black_wool":1}},"DataVersion":3465}