{"stats":{"minecraft:crafted":{"minecraft:crafting_table":4,"minecraft:spruce_planks":68,"minecraft:wooden_pickaxe":3,"minecraft:furnace":2,"minecraft:stone_axe":3,"minecraft:air":0,"minecraft:stick":24,"minecraft:iron_ingot":4,"minecraft:stone_pickaxe":3,"minecraft:white_bed":1,"minecraft:torch":8},"minecraft:killed_by":{"minecraft:skeleton":4,"minecraft:creeper":1,"minecraft:spider":1,"minecraft:zombie":2,"minecraft:enderman":1},"minecraft:dropped":{"minecraft:cobblestone":73,"minecraft:dirt":24,"minecraft:bone_meal":6},"minecraft:picked_up":{"minecraft:crafting_table":6,"minecraft:feather":2,"minecraft:chicken":1,"minecraft:andesite":4,"minecraft:leather":3,"minecraft:wooden_pickaxe":5,"minecraft:potato":8,"minecraft:dirt":206,"minecraft:lapis_lazuli":16,"minecraft:string":1,"minecraft:blue_bed":1,"minecraft:bone":6,"minecraft:wheat_seeds":2,"minecraft:spruce_planks":22,"minecraft:beef":3,"minecraft:stone_pickaxe":4,"minecraft:sugar_cane":7,"minecraft:furnace":8,"minecraft:raw_iron":141,"minecraft:oak_fence":2,"minecraft:torch":42,"minecraft:spruce_fence":1,"minecraft:gravel":10,"minecraft:stripped_spruce_log":1,"minecraft:spruce_sapling":1,"minecraft:carrot":4,"minecraft:spruce_log":16,"minecraft:arrow":7,"minecraft:rotten_flesh":23,"minecraft:beetroot_seeds":5,"minecraft:blue_ice":1,"minecraft:bone_meal":6,"minecraft:emerald":4,"minecraft:mutton":5,"minecraft:coal":30,"minecraft:snowball":180,"minecraft:white_wool":7,"minecraft:cobblestone":177},"minecraft:used":{"minecraft:stone_pickaxe":132,"minecraft:spruce_planks":3,"minecraft:wooden_pickaxe":25,"minecraft:rotten_flesh":14,"minecraft:torch":1,"minecraft:dirt":119,"minecraft:crafting_table":5,"minecraft:carrot":4,"minecraft:snowball":66,"minecraft:apple":3,"minecraft:gravel":1,"minecraft:stone_axe":42,"minecraft:furnace":3,"minecraft:andesite":2},"minecraft:killed":{"minecraft:spider":1,"minecraft:sheep":3,"minecraft:skeleton":3,"minecraft:zombie":9,"minecraft:chicken":1,"minecraft:cow":2},"minecraft:broken":{"minecraft:wooden_pickaxe":1},"minecraft:mined":{"minecraft:spruce_planks":1,"minecraft:powder_snow":9,"minecraft:crafting_table":5,"minecraft:spruce_fence":1,"minecraft:grass_block":14,"minecraft:spruce_leaves":13,"minecraft:lapis_ore":2,"minecraft:sugar_cane":2,"minecraft:blue_bed":1,"minecraft:furnace":2,"minecraft:iron_ore":58,"minecraft:spruce_log":19,"minecraft:andesite":1,"minecraft:stripped_spruce_log":2,"minecraft:grass":1,"minecraft:coal_ore":14,"minecraft:deepslate_iron_ore":1,"minecraft:gravel":1,"minecraft:dirt":38,"minecraft:packed_ice":2,"minecraft:stone":72},"minecraft:custom":{"minecraft:interact_with_furnace":7,"minecraft:mob_kills":19,"minecraft:interact_with_crafting_table":13,"minecraft:interact_with_grindstone":1,"minecraft:time_since_death":4631,"minecraft:time_since_rest":4662,"minecraft:sprint_one_cm":266656,"minecraft:damage_taken":2888,"minecraft:walk_one_cm":137857,"minecraft:drop":21,"minecraft:damage_dealt":4329,"minecraft:swim_one_cm":5305,"minecraft:fly_one_cm":228494,"minecraft:open_chest":2,"minecraft:crouch_one_cm":23271,"minecraft:play_time":65754,"minecraft:deaths":10,"minecraft:sneak_time":9706,"minecraft:walk_under_water_one_cm":3314,"minecraft:jump":1327,"minecraft:walk_on_water_one_cm":11017,"minecraft:total_world_time":65754,"minecraft:fall_one_cm":30702}},"DataVersion":3465}