{"stats":{"minecraft:crafted":{"minecraft:crafting_table":1,"minecraft:spruce_planks":28,"minecraft:stick":4,"minecraft:stone_pickaxe":1,"minecraft:wooden_pickaxe":1},"minecraft:picked_up":{"minecraft:crafting_table":1,"minecraft:spruce_log":7,"minecraft:dirt":8,"minecraft:cobblestone":5},"minecraft:used":{"minecraft:dirt":5,"minecraft:crafting_table":2,"minecraft:wooden_pickaxe":5},"minecraft:killed":{"minecraft:zombie":1},"minecraft:mined":{"minecraft:grass_block":4,"minecraft:dirt":5,"minecraft:spruce_leaves":2,"minecraft:spruce_log":10,"minecraft:stone":5,"minecraft:crafting_table":1},"minecraft:custom":{"minecraft:time_since_rest":5754,"minecraft:crouch_one_cm":1663,"minecraft:play_time":5754,"minecraft:sprint_one_cm":12126,"minecraft:damage_taken":239,"minecraft:walk_one_cm":11272,"minecraft:sneak_time":1142,"minecraft:mob_kills":1,"minecraft:jump":62,"minecraft:damage_dealt":281,"minecraft:time_since_death":5754,"minecraft:total_world_time":5754,"minecraft:interact_with_crafting_table":2,"minecraft:fall_one_cm":1045,"minecraft:fly_one_cm":10448}},"DataVersion":3465}