{"stats":{"minecraft:crafted":{"minecraft:crafting_table":2,"minecraft:spruce_planks":40,"minecraft:stick":12,"minecraft:wooden_pickaxe":2,"minecraft:stone_pickaxe":2,"minecraft:furnace":1,"minecraft:torch":8,"minecraft:stone_axe":1},"minecraft:killed_by":{"minecraft:skeleton":2,"minecraft:creeper":1},"minecraft:dropped":{"minecraft:dirt":24,"minecraft:cobblestone":73},"minecraft:picked_up":{"minecraft:raw_iron":41,"minecraft:crafting_table":4,"minecraft:andesite":2,"minecraft:oak_fence":2,"minecraft:torch":21,"minecraft:wooden_pickaxe":2,"minecraft:gravel":3,"minecraft:spruce_log":10,"minecraft:lapis_lazuli":16,"minecraft:dirt":93,"minecraft:rotten_flesh":6,"minecraft:spruce_planks":7,"minecraft:stone_pickaxe":2,"minecraft:coal":16,"minecraft:snowball":144,"minecraft:cobblestone":126,"minecraft:furnace":2},"minecraft:used":{"minecraft:stone_pickaxe":88,"minecraft:wooden_pickaxe":14,"minecraft:rotten_flesh":6,"minecraft:stone_axe":9,"minecraft:torch":1,"minecraft:dirt":26,"minecraft:crafting_table":3,"minecraft:snowball":50},"minecraft:killed":{"minecraft:zombie":3},"minecraft:mined":{"minecraft:iron_ore":40,"minecraft:spruce_log":13,"minecraft:andesite":1,"minecraft:crafting_table":3,"minecraft:grass_block":6,"minecraft:coal_ore":14,"minecraft:deepslate_iron_ore":1,"minecraft:dirt":25,"minecraft:packed_ice":2,"minecraft:spruce_leaves":5,"minecraft:lapis_ore":2,"minecraft:stone":43},"minecraft:custom":{"minecraft:time_since_rest":5398,"minecraft:interact_with_furnace":1,"minecraft:sprint_one_cm":91644,"minecraft:damage_taken":1067,"minecraft:walk_one_cm":73198,"minecraft:mob_kills":3,"minecraft:drop":15,"minecraft:damage_dealt":1687,"minecraft:swim_one_cm":2273,"minecraft:interact_with_crafting_table":6,"minecraft:fly_one_cm":60178,"minecraft:crouch_one_cm":12722,"minecraft:play_time":29754,"minecraft:deaths":3,"minecraft:sneak_time":5605,"minecraft:walk_under_water_one_cm":2934,"minecraft:jump":390,"minecraft:time_since_death":5368,"minecraft:walk_on_water_one_cm":9162,"minecraft:total_world_time":29754,"minecraft:fall_one_cm":7575}},"DataVersion":3465}