{"stats":{"minecraft:crafted":{"minecraft:crafting_table":2,"minecraft:spruce_planks":40,"minecraft:stick":12,"minecraft:wooden_pickaxe":2,"minecraft:stone_pickaxe":2,"minecraft:stone_axe":1},"minecraft:killed_by":{"minecraft:skeleton":2},"minecraft:dropped":{"minecraft:dirt":24,"minecraft:cobblestone":73},"minecraft:picked_up":{"minecraft:crafting_table":3,"minecraft:spruce_log":10,"minecraft:dirt":66,"minecraft:rotten_flesh":4,"minecraft:stone_pickaxe":1,"minecraft:coal":5,"minecraft:snowball":76,"minecraft:cobblestone":111},"minecraft:used":{"minecraft:stone_pickaxe":30,"minecraft:wooden_pickaxe":14,"minecraft:rotten_flesh":4,"minecraft:stone_axe":4,"minecraft:dirt":23,"minecraft:crafting_table":3},"minecraft:killed":{"minecraft:zombie":1},"minecraft:mined":{"minecraft:spruce_log":13,"minecraft:crafting_table":2,"minecraft:grass_block":6,"minecraft:coal_ore":5,"minecraft:dirt":25,"minecraft:packed_ice":2,"minecraft:spruce_leaves":5,"minecraft:stone":39},"minecraft:custom":{"minecraft:time_since_rest":9016,"minecraft:sprint_one_cm":59069,"minecraft:damage_taken":712,"minecraft:walk_one_cm":35097,"minecraft:mob_kills":1,"minecraft:drop":15,"minecraft:damage_dealt":798,"minecraft:interact_with_crafting_table":4,"minecraft:fly_one_cm":44167,"minecraft:crouch_one_cm":6526,"minecraft:play_time":17754,"minecraft:deaths":2,"minecraft:sneak_time":3480,"minecraft:jump":247,"minecraft:time_since_death":8984,"minecraft:walk_on_water_one_cm":45,"minecraft:total_world_time":17754,"minecraft:fall_one_cm":3857}},"DataVersion":3465}