{"stats":{"minecraft:broken":{"minecraft:wooden_pickaxe":1},"minecraft:custom":{"minecraft:interact_with_furnace":18,"minecraft:mob_kills":29,"minecraft:interact_with_crafting_table":27,"minecraft:interact_with_grindstone":1,"minecraft:leave_game":1,"minecraft:time_since_death":778,"minecraft:time_since_rest":805,"minecraft:sprint_one_cm":336602,"minecraft:damage_taken":3968,"minecraft:walk_one_cm":225902,"minecraft:damage_blocked_by_shield":275,"minecraft:drop":62,"minecraft:damage_dealt":6375,"minecraft:swim_one_cm":5305,"minecraft:fly_one_cm":268408,"minecraft:open_chest":2,"minecraft:crouch_one_cm":32733,"minecraft:play_time":103215,"minecraft:sneak_time":12819,"minecraft:deaths":14,"minecraft:walk_under_water_one_cm":3314,"minecraft:jump":1870,"minecraft:walk_on_water_one_cm":11261,"minecraft:total_world_time":103215,"minecraft:fall_one_cm":45343},"minecraft:mined":{"minecraft:spruce_planks":1,"minecraft:powder_snow":9,"minecraft:crafting_table":6,"minecraft:grass_block":29,"minecraft:spruce_fence":1,"minecraft:spruce_leaves":17,"minecraft:lapis_ore":2,"minecraft:sugar_cane":2,"minecraft:blue_bed":1,"minecraft:furnace":2,"minecraft:iron_ore":60,"minecraft:ice":1,"minecraft:spruce_log":34,"minecraft:stripped_spruce_log":2,"minecraft:andesite":1,"minecraft:pumpkin":3,"minecraft:peony":2,"minecraft:pointed_dripstone":1,"minecraft:grass":7,"minecraft:oak_log":2,"minecraft:coal_ore":15,"minecraft:deepslate_iron_ore":1,"minecraft:gravel":1,"minecraft:dirt":47,"minecraft:packed_ice":2,"minecraft:stone":101,"minecraft:oak_leaves":1},"minecraft:picked_up":{"minecraft:crafting_table":7,"minecraft:feather":14,"minecraft:chicken":7,"minecraft:andesite":4,"minecraft:leather":3,"minecraft:wooden_pickaxe":5,"minecraft:potato":8,"minecraft:oak_log":5,"minecraft:shield":2,"minecraft:lapis_lazuli":16,"minecraft:string":7,"minecraft:dirt":242,"minecraft:blue_bed":1,"minecraft:iron_leggings":6,"minecraft:bone":12,"minecraft:wheat_seeds":3,"minecraft:spruce_planks":25,"minecraft:iron_ingot":13,"minecraft:beef":3,"minecraft:stone_pickaxe":4,"minecraft:iron_nugget":45,"minecraft:poppy":14,"minecraft:rabbit":1,"minecraft:sugar_cane":7,"minecraft:iron_boots":1,"minecraft:furnace":8,"minecraft:tipped_arrow":2,"minecraft:raw_iron":143,"minecraft:pumpkin":3,"minecraft:oak_fence":2,"minecraft:torch":42,"minecraft:dandelion":16,"minecraft:spruce_stairs":1,"minecraft:spruce_fence":1,"minecraft:gravel":10,"minecraft:pointed_dripstone":2,"minecraft:stripped_spruce_log":1,"minecraft:spruce_sapling":1,"minecraft:spruce_log":31,"minecraft:carrot":4,"minecraft:arrow":15,"minecraft:rotten_flesh":30,"minecraft:stone_axe":1,"minecraft:beetroot_seeds":5,"minecraft:peony":3,"minecraft:iron_helmet":8,"minecraft:blue_ice":1,"minecraft:bone_meal":6,"minecraft:emerald":4,"minecraft:mutton":5,"minecraft:coal":31,"minecraft:snowball":180,"minecraft:white_wool":9,"minecraft:cobblestone":221},"minecraft:killed_by":{"minecraft:skeleton":5,"minecraft:stray":1,"minecraft:creeper":1,"minecraft:spider":1,"minecraft:zombie":3,"minecraft:enderman":1},"minecraft:used":{"minecraft:stone_pickaxe":151,"minecraft:wooden_pickaxe":40,"minecraft:spruce_planks":23,"minecraft:shield":18,"minecraft:rotten_flesh":17,"minecraft:torch":1,"minecraft:dirt":147,"minecraft:crafting_table":6,"minecraft:carrot":4,"minecraft:snowball":66,"minecraft:apple":3,"minecraft:gravel":1,"minecraft:spruce_sapling":1,"minecraft:stone_axe":94,"minecraft:cobblestone":3,"minecraft:furnace":3,"minecraft:cooked_rabbit":1,"minecraft:andesite":2,"minecraft:bone_meal":7},"minecraft:killed":{"minecraft:rabbit":1,"minecraft:spider":1,"minecraft:sheep":3,"minecraft:skeleton":3,"minecraft:zombie":12,"minecraft:chicken":4,"minecraft:stray":2,"minecraft:cow":2},"minecraft:crafted":{"minecraft:oak_planks":20,"minecraft:iron_nugget":9,"minecraft:crafting_table":5,"minecraft:spruce_planks":128,"minecraft:iron_helmet":3,"minecraft:wooden_pickaxe":4,"minecraft:furnace":3,"minecraft:bone_meal":9,"minecraft:stone_axe":4,"minecraft:air":0,"minecraft:iron_boots":2,"minecraft:iron_chestplate":1,"minecraft:shield":2,"minecraft:stick":32,"minecraft:iron_ingot":54,"minecraft:stone_pickaxe":4,"minecraft:iron_leggings":2,"minecraft:white_bed":1,"minecraft:torch":8,"minecraft:cooked_rabbit":1},"minecraft:dropped":{"minecraft:iron_ingot":12,"minecraft:iron_nugget":54,"minecraft:feather":4,"minecraft:iron_helmet":10,"minecraft:cobblestone":78,"minecraft:iron_boots":1,"minecraft:dirt":24,"minecraft:shield":2,"minecraft:iron_leggings":6,"minecraft:bone_meal":6,"minecraft:arrow":4,"minecraft:string":6,"minecraft:white_wool":2}},"DataVersion":3465}