{"stats":{"minecraft:broken":{"minecraft:wooden_pickaxe":1},"minecraft:custom":{"minecraft:interact_with_furnace":18,"minecraft:mob_kills":26,"minecraft:interact_with_crafting_table":21,"minecraft:interact_with_grindstone":1,"minecraft:leave_game":1,"minecraft:time_since_death":1059,"minecraft:time_since_rest":1091,"minecraft:sprint_one_cm":311108,"minecraft:damage_taken":3396,"minecraft:walk_one_cm":201621,"minecraft:damage_blocked_by_shield":275,"minecraft:drop":52,"minecraft:damage_dealt":5995,"minecraft:swim_one_cm":5305,"minecraft:fly_one_cm":261126,"minecraft:open_chest":2,"minecraft:crouch_one_cm":27367,"minecraft:play_time":91215,"minecraft:sneak_time":10652,"minecraft:deaths":12,"minecraft:walk_under_water_one_cm":3314,"minecraft:jump":1703,"minecraft:walk_on_water_one_cm":11052,"minecraft:total_world_time":91215,"minecraft:fall_one_cm":40833},"minecraft:mined":{"minecraft:spruce_planks":1,"minecraft:powder_snow":9,"minecraft:crafting_table":5,"minecraft:grass_block":24,"minecraft:spruce_fence":1,"minecraft:spruce_leaves":17,"minecraft:lapis_ore":2,"minecraft:sugar_cane":2,"minecraft:blue_bed":1,"minecraft:furnace":2,"minecraft:iron_ore":58,"minecraft:ice":1,"minecraft:spruce_log":34,"minecraft:stripped_spruce_log":2,"minecraft:andesite":1,"minecraft:pumpkin":3,"minecraft:grass":2,"minecraft:coal_ore":14,"minecraft:deepslate_iron_ore":1,"minecraft:gravel":1,"minecraft:dirt":38,"minecraft:packed_ice":2,"minecraft:stone":72},"minecraft:picked_up":{"minecraft:crafting_table":6,"minecraft:feather":2,"minecraft:chicken":1,"minecraft:andesite":4,"minecraft:leather":3,"minecraft:wooden_pickaxe":5,"minecraft:potato":8,"minecraft:shield":2,"minecraft:lapis_lazuli":16,"minecraft:string":1,"minecraft:dirt":216,"minecraft:blue_bed":1,"minecraft:iron_leggings":6,"minecraft:bone":9,"minecraft:wheat_seeds":2,"minecraft:spruce_planks":25,"minecraft:iron_ingot":13,"minecraft:beef":3,"minecraft:stone_pickaxe":4,"minecraft:iron_nugget":45,"minecraft:poppy":14,"minecraft:rabbit":1,"minecraft:sugar_cane":7,"minecraft:iron_boots":1,"minecraft:furnace":8,"minecraft:tipped_arrow":2,"minecraft:raw_iron":141,"minecraft:pumpkin":3,"minecraft:oak_fence":2,"minecraft:torch":42,"minecraft:dandelion":16,"minecraft:spruce_stairs":1,"minecraft:spruce_fence":1,"minecraft:gravel":10,"minecraft:stripped_spruce_log":1,"minecraft:spruce_sapling":1,"minecraft:spruce_log":31,"minecraft:carrot":4,"minecraft:arrow":11,"minecraft:rotten_flesh":28,"minecraft:beetroot_seeds":5,"minecraft:iron_helmet":8,"minecraft:blue_ice":1,"minecraft:bone_meal":6,"minecraft:emerald":4,"minecraft:mutton":5,"minecraft:coal":30,"minecraft:snowball":180,"minecraft:white_wool":7,"minecraft:cobblestone":177},"minecraft:killed_by":{"minecraft:skeleton":4,"minecraft:stray":1,"minecraft:creeper":1,"minecraft:spider":1,"minecraft:zombie":3,"minecraft:enderman":1},"minecraft:used":{"minecraft:stone_pickaxe":134,"minecraft:wooden_pickaxe":25,"minecraft:spruce_planks":23,"minecraft:shield":18,"minecraft:rotten_flesh":17,"minecraft:torch":1,"minecraft:dirt":132,"minecraft:crafting_table":5,"minecraft:carrot":4,"minecraft:snowball":66,"minecraft:apple":3,"minecraft:gravel":1,"minecraft:spruce_sapling":1,"minecraft:stone_axe":92,"minecraft:furnace":3,"minecraft:cooked_rabbit":1,"minecraft:andesite":2,"minecraft:bone_meal":7},"minecraft:killed":{"minecraft:rabbit":1,"minecraft:spider":1,"minecraft:sheep":3,"minecraft:skeleton":3,"minecraft:zombie":12,"minecraft:chicken":1,"minecraft:stray":2,"minecraft:cow":2},"minecraft:crafted":{"minecraft:iron_nugget":9,"minecraft:crafting_table":4,"minecraft:spruce_planks":128,"minecraft:iron_helmet":3,"minecraft:wooden_pickaxe":3,"minecraft:furnace":2,"minecraft:bone_meal":9,"minecraft:stone_axe":3,"minecraft:air":0,"minecraft:iron_boots":2,"minecraft:iron_chestplate":1,"minecraft:shield":2,"minecraft:stick":24,"minecraft:iron_ingot":54,"minecraft:stone_pickaxe":3,"minecraft:iron_leggings":2,"minecraft:white_bed":1,"minecraft:torch":8,"minecraft:cooked_rabbit":1},"minecraft:dropped":{"minecraft:iron_ingot":12,"minecraft:iron_nugget":54,"minecraft:iron_helmet":10,"minecraft:cobblestone":73,"minecraft:iron_boots":1,"minecraft:dirt":24,"minecraft:shield":2,"minecraft:iron_leggings":6,"minecraft:bone_meal":6}},"DataVersion":3465}