{"stats":{"minecraft:broken":{"minecraft:wooden_pickaxe":1,"minecraft:stone_pickaxe":1,"minecraft:stone_axe":1,"minecraft:bow":1},"minecraft:custom":{"minecraft:mob_kills":62,"minecraft:interact_with_crafting_table":58,"minecraft:bell_ring":1,"minecraft:leave_game":1,"minecraft:time_since_death":66778,"minecraft:sprint_one_cm":532522,"minecraft:walk_one_cm":356469,"minecraft:damage_blocked_by_shield":370,"minecraft:drop":97,"minecraft:talked_to_villager":3,"minecraft:play_time":169215,"minecraft:deaths":14,"minecraft:sneak_time":20572,"minecraft:walk_under_water_one_cm":11378,"minecraft:jump":2667,"minecraft:walk_on_water_one_cm":17327,"minecraft:total_world_time":169215,"minecraft:interact_with_furnace":50,"minecraft:interact_with_grindstone":1,"minecraft:sleep_in_bed":4,"minecraft:time_since_rest":6136,"minecraft:damage_taken":4561,"minecraft:damage_dealt":9381,"minecraft:swim_one_cm":42189,"minecraft:fly_one_cm":381866,"minecraft:open_chest":29,"minecraft:crouch_one_cm":49040,"minecraft:fall_one_cm":64151},"minecraft:mined":{"minecraft:spruce_planks":3,"minecraft:white_bed":1,"minecraft:grass_block":39,"minecraft:spruce_fence":2,"minecraft:spruce_leaves":19,"minecraft:tall_seagrass":3,"minecraft:furnace":2,"minecraft:iron_ore":75,"minecraft:andesite":1,"minecraft:stripped_spruce_log":4,"minecraft:pumpkin":3,"minecraft:deepslate_lapis_ore":3,"minecraft:peony":2,"minecraft:pointed_dripstone":3,"minecraft:deepslate_iron_ore":4,"minecraft:packed_ice":2,"minecraft:stone":193,"minecraft:powder_snow":9,"minecraft:crafting_table":6,"minecraft:cobblestone":14,"minecraft:oak_planks":6,"minecraft:lapis_ore":3,"minecraft:sugar_cane":2,"minecraft:blue_bed":2,"minecraft:seagrass":2,"minecraft:wheat":5,"minecraft:ice":1,"minecraft:spruce_log":45,"minecraft:grass":8,"minecraft:coal_ore":41,"minecraft:oak_log":3,"minecraft:dripstone_block":1,"minecraft:dirt":74,"minecraft:gravel":30,"minecraft:oak_leaves":1},"minecraft:picked_up":{"minecraft:fishing_rod":1,"minecraft:crafting_table":9,"minecraft:iron_chestplate":1,"minecraft:wheat":4,"minecraft:chicken":11,"minecraft:smithing_table":1,"minecraft:wooden_pickaxe":6,"minecraft:shield":3,"minecraft:cooked_salmon":3,"minecraft:string":12,"minecraft:iron_leggings":6,"minecraft:spruce_planks":37,"minecraft:beef":15,"minecraft:iron_nugget":45,"minecraft:poppy":16,"minecraft:sugar_cane":7,"minecraft:iron_boots":1,"minecraft:furnace":10,"minecraft:tipped_arrow":2,"minecraft:raw_iron":163,"minecraft:stick":20,"minecraft:composter":1,"minecraft:oak_fence":2,"minecraft:torch":42,"minecraft:spruce_stairs":1,"minecraft:spruce_fence":2,"minecraft:pointed_dripstone":6,"minecraft:carrot":4,"minecraft:arrow":24,"minecraft:rotten_flesh":35,"minecraft:beetroot_seeds":5,"minecraft:peony":6,"minecraft:mutton":12,"minecraft:rail":1,"minecraft:snowball":180,"minecraft:white_wool":13,"minecraft:cobblestone":332,"minecraft:feather":19,"minecraft:salmon":17,"minecraft:andesite":4,"minecraft:leather":4,"minecraft:potato":10,"minecraft:flint":2,"minecraft:oak_log":6,"minecraft:blue_bed":2,"minecraft:lapis_lazuli":41,"minecraft:dirt":304,"minecraft:bone":15,"minecraft:bow":1,"minecraft:wheat_seeds":28,"minecraft:iron_ingot":13,"minecraft:stone_pickaxe":6,"minecraft:rabbit":1,"minecraft:oak_planks":14,"minecraft:pumpkin":3,"minecraft:dandelion":16,"minecraft:dripstone_block":1,"minecraft:gravel":40,"minecraft:stripped_spruce_log":3,"minecraft:spruce_sapling":2,"minecraft:white_bed":1,"minecraft:spruce_log":42,"minecraft:stone_axe":1,"minecraft:iron_helmet":8,"minecraft:blue_ice":1,"minecraft:bone_meal":7,"minecraft:emerald":4,"minecraft:coal":111,"minecraft:black_wool":1,"minecraft:pink_dye":38},"minecraft:killed_by":{"minecraft:stray":1,"minecraft:creeper":1,"minecraft:spider":1,"minecraft:enderman":1,"minecraft:skeleton":5,"minecraft:zombie":3},"minecraft:used":{"minecraft:spruce_planks":52,"minecraft:shield":22,"minecraft:cooked_salmon":4,"minecraft:stone_hoe":3,"minecraft:rotten_flesh":17,"minecraft:torch":30,"minecraft:dirt":179,"minecraft:carrot":4,"minecraft:snowball":66,"minecraft:bow":1,"minecraft:furnace":4,"minecraft:cooked_beef":3,"minecraft:wheat_seeds":23,"minecraft:cooked_mutton":4,"minecraft:spruce_door":1,"minecraft:stone_pickaxe":304,"minecraft:baked_potato":1,"minecraft:oak_planks":9,"minecraft:wooden_pickaxe":46,"minecraft:crafting_table":7,"minecraft:dripstone_block":1,"minecraft:oak_log":1,"minecraft:apple":3,"minecraft:bread":1,"minecraft:spruce_sapling":1,"minecraft:gravel":11,"minecraft:stone_axe":190,"minecraft:fishing_rod":1,"minecraft:cobblestone":113,"minecraft:cooked_rabbit":1,"minecraft:andesite":2,"minecraft:bone_meal":17},"minecraft:killed":{"minecraft:spider":3,"minecraft:skeleton":6,"minecraft:chicken":5,"minecraft:salmon":18,"minecraft:rabbit":1,"minecraft:sheep":5,"minecraft:zombie":17,"minecraft:stray":2,"minecraft:cow":4},"minecraft:crafted":{"minecraft:oak_planks":20,"minecraft:iron_nugget":9,"minecraft:cooked_chicken":4,"minecraft:furnace":3,"minecraft:bone_meal":18,"minecraft:cooked_mutton":5,"minecraft:iron_boots":3,"minecraft:stone_pickaxe":5,"minecraft:stone_hoe":1,"minecraft:cooked_rabbit":1,"minecraft:cooked_beef":12,"minecraft:crafting_table":5,"minecraft:spruce_planks":180,"minecraft:baked_potato":1,"minecraft:wooden_pickaxe":5,"minecraft:iron_helmet":4,"minecraft:spruce_door":3,"minecraft:cooked_salmon":2,"minecraft:stone_axe":5,"minecraft:bread":1,"minecraft:air":0,"minecraft:iron_chestplate":1,"minecraft:shield":3,"minecraft:stick":48,"minecraft:iron_ingot":74,"minecraft:iron_leggings":3,"minecraft:white_bed":1,"minecraft:torch":40},"minecraft:dropped":{"minecraft:iron_ingot":12,"minecraft:cooked_beef":6,"minecraft:smithing_table":1,"minecraft:iron_helmet":10,"minecraft:feather":8,"minecraft:cobblestone":78,"minecraft:stick":20,"minecraft:dirt":24,"minecraft:mutton":2,"minecraft:cooked_salmon":6,"minecraft:iron_leggings":6,"minecraft:bone_meal":6,"minecraft:string":9,"minecraft:white_wool":4,"minecraft:spruce_sapling":1,"minecraft:gravel":4,"minecraft:furnace":1,"minecraft:iron_nugget":54,"minecraft:cooked_chicken":2,"minecraft:pink_dye":38,"minecraft:composter":1,"minecraft:rotten_flesh":1,"minecraft:oak_planks":3,"minecraft:iron_boots":1,"minecraft:cooked_mutton":1,"minecraft:poppy":2,"minecraft:potato":1,"minecraft:shield":3,"minecraft:peony":3,"minecraft:spruce_planks":11,"minecraft:iron_chestplate":1,"minecraft:arrow":10,"minecraft:stone_pickaxe":1,"minecraft:wooden_pickaxe":1,"minecraft:black_wool":1}},"DataVersion":3465}