{"stats":{"minecraft:crafted":{"minecraft:red_dye":9,"minecraft:paper":6,"minecraft:yellow_dye":8,"minecraft:crafting_table":2,"minecraft:spruce_planks":20,"minecraft:stick":4,"minecraft:furnace":1,"minecraft:bone_meal":6,"minecraft:torch":16,"minecraft:orange_dye":14},"minecraft:killed_by":{"minecraft:stray":1,"minecraft:creeper":2,"minecraft:spider":1,"minecraft:zombie":1,"minecraft:enderman":1},"minecraft:dropped":{"minecraft:tipped_arrow":1,"minecraft:sugar_cane":2,"minecraft:torch":16,"minecraft:crafting_table":3,"minecraft:rotten_flesh":3},"minecraft:picked_up":{"minecraft:tipped_arrow":1,"minecraft:raw_iron":82,"minecraft:crafting_table":5,"minecraft:andesite":4,"minecraft:oak_fence":2,"minecraft:torch":44,"minecraft:dandelion":20,"minecraft:wooden_pickaxe":6,"minecraft:gravel":6,"minecraft:spruce_sapling":3,"minecraft:spruce_log":5,"minecraft:lapis_lazuli":16,"minecraft:dirt":104,"minecraft:bone":2,"minecraft:arrow":3,"minecraft:rotten_flesh":11,"minecraft:stone_axe":1,"minecraft:spruce_planks":75,"minecraft:stone_pickaxe":5,"minecraft:bone_meal":6,"minecraft:poppy":25,"minecraft:sugar_cane":20,"minecraft:mutton":6,"minecraft:coal":13,"minecraft:snowball":180,"minecraft:white_wool":4,"minecraft:cobblestone":98,"minecraft:furnace":5},"minecraft:used":{"minecraft:spruce_planks":11,"minecraft:wooden_pickaxe":37,"minecraft:torch":2,"minecraft:crafting_table":1,"minecraft:furnace":1,"minecraft:snowball":99},"minecraft:killed":{"minecraft:sheep":4,"minecraft:zombie":8},"minecraft:mined":{"minecraft:furnace":1,"minecraft:ice":2,"minecraft:spruce_log":2,"minecraft:dandelion":8,"minecraft:glow_lichen":1,"minecraft:grass":2,"minecraft:grass_block":3,"minecraft:coal_ore":1,"minecraft:poppy":8,"minecraft:gravel":3,"minecraft:packed_ice":3,"minecraft:spruce_leaves":32,"minecraft:stone":22,"minecraft:sugar_cane":1},"minecraft:custom":{"minecraft:time_since_rest":4800,"minecraft:interact_with_furnace":2,"minecraft:sprint_one_cm":65587,"minecraft:damage_taken":1830,"minecraft:walk_one_cm":240051,"minecraft:mob_kills":13,"minecraft:drop":10,"minecraft:damage_dealt":2428,"minecraft:swim_one_cm":1685,"minecraft:interact_with_crafting_table":6,"minecraft:fly_one_cm":42565,"minecraft:crouch_one_cm":622,"minecraft:play_time":42535,"minecraft:deaths":7,"minecraft:sneak_time":129,"minecraft:walk_under_water_one_cm":2075,"minecraft:jump":726,"minecraft:time_since_death":4751,"minecraft:walk_on_water_one_cm":9578,"minecraft:total_world_time":42535,"minecraft:fall_one_cm":16895}},"DataVersion":3465}