{"stats":{"minecraft:broken":{"minecraft:stone_axe":1,"minecraft:wooden_pickaxe":1},"minecraft:custom":{"minecraft:interact_with_furnace":2,"minecraft:mob_kills":23,"minecraft:interact_with_crafting_table":20,"minecraft:leave_game":3,"minecraft:time_since_death":38269,"minecraft:sleep_in_bed":1,"minecraft:time_since_rest":28059,"minecraft:sprint_one_cm":155123,"minecraft:damage_taken":3235,"minecraft:walk_one_cm":480091,"minecraft:drop":33,"minecraft:damage_dealt":4508,"minecraft:swim_one_cm":1685,"minecraft:talked_to_villager":23,"minecraft:fly_one_cm":115134,"minecraft:open_chest":10,"minecraft:crouch_one_cm":687,"minecraft:play_time":123461,"minecraft:deaths":11,"minecraft:sneak_time":605,"minecraft:walk_under_water_one_cm":2075,"minecraft:jump":1880,"minecraft:walk_on_water_one_cm":10002,"minecraft:total_world_time":123461,"minecraft:fall_one_cm":53408},"minecraft:mined":{"minecraft:smithing_table":1,"minecraft:spruce_planks":3,"minecraft:glass_pane":1,"minecraft:dandelion":24,"minecraft:crafting_table":1,"minecraft:glow_lichen":1,"minecraft:grass_block":3,"minecraft:poppy":23,"minecraft:cobblestone":3,"minecraft:spruce_leaves":46,"minecraft:composter":1,"minecraft:sugar_cane":1,"minecraft:spruce_stairs":1,"minecraft:furnace":2,"minecraft:carrots":6,"minecraft:wheat":5,"minecraft:ice":2,"minecraft:spruce_log":11,"minecraft:peony":20,"minecraft:grass":17,"minecraft:pointed_dripstone":3,"minecraft:potatoes":13,"minecraft:coal_ore":31,"minecraft:water_cauldron":1,"minecraft:gravel":4,"minecraft:dirt":4,"minecraft:packed_ice":3,"minecraft:stone":32,"minecraft:oak_leaves":1},"minecraft:picked_up":{"minecraft:crafting_table":6,"minecraft:feather":4,"minecraft:chicken":3,"minecraft:andesite":4,"minecraft:smithing_table":1,"minecraft:wooden_pickaxe":7,"minecraft:potato":11,"minecraft:shield":1,"minecraft:lapis_lazuli":16,"minecraft:string":6,"minecraft:dirt":141,"minecraft:iron_leggings":1,"minecraft:bone":5,"minecraft:wheat_seeds":3,"minecraft:spruce_planks":78,"minecraft:iron_ingot":11,"minecraft:stone_pickaxe":5,"minecraft:iron_nugget":9,"minecraft:poppy":41,"minecraft:sugar_cane":20,"minecraft:oak_planks":3,"minecraft:iron_boots":1,"minecraft:furnace":6,"minecraft:stick":2,"minecraft:tipped_arrow":1,"minecraft:raw_iron":82,"minecraft:composter":1,"minecraft:oak_fence":2,"minecraft:torch":44,"minecraft:dandelion":36,"minecraft:spruce_stairs":1,"minecraft:gravel":10,"minecraft:porkchop":3,"minecraft:spruce_sapling":4,"minecraft:pointed_dripstone":2,"minecraft:carrot":5,"minecraft:spruce_log":14,"minecraft:cauldron":1,"minecraft:arrow":11,"minecraft:rotten_flesh":13,"minecraft:stone_axe":1,"minecraft:peony":22,"minecraft:iron_helmet":2,"minecraft:bone_meal":6,"minecraft:black_wool":1,"minecraft:mutton":11,"minecraft:coal":43,"minecraft:snowball":180,"minecraft:white_wool":8,"minecraft:cobblestone":130},"minecraft:killed_by":{"minecraft:stray":2,"minecraft:creeper":2,"minecraft:spider":2,"minecraft:zombie":1,"minecraft:enderman":1},"minecraft:used":{"minecraft:stone_pickaxe":104,"minecraft:spruce_planks":11,"minecraft:wooden_pickaxe":95,"minecraft:torch":2,"minecraft:dirt":4,"minecraft:mutton":7,"minecraft:crafting_table":2,"minecraft:carrot":1,"minecraft:snowball":99,"minecraft:bread":2,"minecraft:stone_axe":68,"minecraft:cobblestone":3,"minecraft:furnace":1,"minecraft:porkchop":3,"minecraft:potato":2,"minecraft:pointed_dripstone":2},"minecraft:killed":{"minecraft:pig":1,"minecraft:spider":1,"minecraft:iron_golem":2,"minecraft:sheep":6,"minecraft:skeleton":1,"minecraft:zombie":10},"minecraft:dropped":{"minecraft:sugar_cane":2,"minecraft:crafting_table":3,"minecraft:chicken":3,"minecraft:feather":4,"minecraft:cobblestone":18,"minecraft:rotten_flesh":5,"minecraft:dirt":1,"minecraft:tipped_arrow":1,"minecraft:torch":16,"minecraft:arrow":4,"minecraft:string":3,"minecraft:white_wool":2,"minecraft:bone":3},"minecraft:crafted":{"minecraft:red_dye":9,"minecraft:crafting_table":3,"minecraft:spruce_planks":56,"minecraft:wooden_pickaxe":1,"minecraft:furnace":1,"minecraft:bone_meal":6,"minecraft:pink_dye":38,"minecraft:stone_axe":1,"minecraft:orange_dye":14,"minecraft:iron_chestplate":1,"minecraft:paper":6,"minecraft:yellow_dye":8,"minecraft:shield":1,"minecraft:stick":28,"minecraft:iron_ingot":1,"minecraft:stone_pickaxe":1,"minecraft:torch":16}},"DataVersion":3465}