{"stats":{"minecraft:crafted":{"minecraft:fishing_rod":1,"minecraft:leather_boots":1,"minecraft:purple_bed":1,"minecraft:pink_bed":1,"minecraft:furnace":1,"minecraft:bone_meal":6,"minecraft:spruce_fence":3,"minecraft:pink_dye":46,"minecraft:spruce_stairs":4,"minecraft:bow":1,"minecraft:stone_pickaxe":1,"minecraft:red_dye":18,"minecraft:crafting_table":3,"minecraft:spruce_planks":56,"minecraft:wooden_pickaxe":1,"minecraft:pumpkin_seeds":40,"minecraft:stone_axe":1,"minecraft:orange_dye":14,"minecraft:blue_dye":3,"minecraft:iron_chestplate":1,"minecraft:paper":6,"minecraft:purple_dye":6,"minecraft:pink_wool":3,"minecraft:yellow_dye":8,"minecraft:shield":1,"minecraft:stick":28,"minecraft:iron_ingot":1,"minecraft:torch":16},"minecraft:killed_by":{"minecraft:stray":2,"minecraft:creeper":2,"minecraft:spider":2,"minecraft:enderman":1,"minecraft:zombie":1},"minecraft:dropped":{"minecraft:wheat_seeds":13,"minecraft:crafting_table":3,"minecraft:cobblestone":18,"minecraft:feather":4,"minecraft:coal":24,"minecraft:dirt":1,"minecraft:torch":16,"minecraft:mutton":4,"minecraft:cooked_salmon":4,"minecraft:string":3,"minecraft:fishing_rod":1,"minecraft:white_wool":2,"minecraft:bone":3,"minecraft:sugar_cane":2,"minecraft:raw_copper":1,"minecraft:chicken":3,"minecraft:rotten_flesh":5,"minecraft:potato":2,"minecraft:tipped_arrow":1,"minecraft:wooden_pickaxe":1,"minecraft:arrow":4,"minecraft:beef":8},"minecraft:picked_up":{"minecraft:crafting_table":6,"minecraft:iron_chestplate":1,"minecraft:azure_bluet":1,"minecraft:chicken":3,"minecraft:smithing_table":2,"minecraft:wooden_pickaxe":10,"minecraft:shield":2,"minecraft:cornflower":3,"minecraft:red_bed":2,"minecraft:string":11,"minecraft:raw_copper":6,"minecraft:cooked_salmon":7,"minecraft:iron_leggings":2,"minecraft:spruce_planks":91,"minecraft:beef":14,"minecraft:iron_nugget":9,"minecraft:poppy":58,"minecraft:sugar_cane":20,"minecraft:chest":2,"minecraft:iron_boots":2,"minecraft:furnace":7,"minecraft:tipped_arrow":1,"minecraft:stick":24,"minecraft:raw_iron":82,"minecraft:oak_fence":2,"minecraft:composter":2,"minecraft:torch":44,"minecraft:spruce_stairs":1,"minecraft:porkchop":3,"minecraft:pointed_dripstone":2,"minecraft:carrot":5,"minecraft:cauldron":2,"minecraft:arrow":17,"minecraft:rotten_flesh":14,"minecraft:peony":26,"minecraft:mutton":17,"minecraft:snowball":180,"minecraft:white_wool":11,"minecraft:cobblestone":148,"minecraft:oxeye_daisy":2,"minecraft:feather":8,"minecraft:cooked_beef":6,"minecraft:andesite":4,"minecraft:leather":4,"minecraft:potato":13,"minecraft:dirt":165,"minecraft:lapis_lazuli":16,"minecraft:blue_bed":2,"minecraft:cooked_mutton":1,"minecraft:bone":5,"minecraft:wheat_seeds":18,"minecraft:cooked_chicken":2,"minecraft:bell":1,"minecraft:iron_ingot":11,"minecraft:stone_pickaxe":6,"minecraft:oak_planks":6,"minecraft:pumpkin":10,"minecraft:dandelion":52,"minecraft:gravel":14,"minecraft:spruce_sapling":11,"minecraft:spruce_log":14,"minecraft:stone_axe":1,"minecraft:iron_helmet":3,"minecraft:bone_meal":6,"minecraft:black_wool":2,"minecraft:coal":67,"minecraft:pink_dye":38},"minecraft:used":{"minecraft:chest":2,"minecraft:spruce_planks":14,"minecraft:bell":1,"minecraft:torch":2,"minecraft:dirt":4,"minecraft:mutton":9,"minecraft:spruce_stairs":3,"minecraft:carrot":1,"minecraft:snowball":99,"minecraft:spruce_fence":3,"minecraft:beef":6,"minecraft:furnace":1,"minecraft:cooked_beef":1,"minecraft:potato":2,"minecraft:pointed_dripstone":2,"minecraft:cooked_mutton":1,"minecraft:stone_pickaxe":112,"minecraft:wooden_pickaxe":135,"minecraft:blue_bed":1,"minecraft:crafting_table":2,"minecraft:red_bed":1,"minecraft:bread":2,"minecraft:stone_axe":68,"minecraft:pink_bed":1,"minecraft:cobblestone":12,"minecraft:purple_bed":1,"minecraft:porkchop":3},"minecraft:killed":{"minecraft:spider":1,"minecraft:skeleton":1,"minecraft:pig":1,"minecraft:iron_golem":2,"minecraft:sheep":7,"minecraft:zombie":10,"minecraft:stray":1,"minecraft:villager":1,"minecraft:cow":6},"minecraft:broken":{"minecraft:wooden_pickaxe":2,"minecraft:stone_pickaxe":1,"minecraft:stone_axe":1},"minecraft:mined":{"minecraft:spruce_planks":4,"minecraft:glow_lichen":1,"minecraft:grass_block":7,"minecraft:spruce_leaves":46,"minecraft:composter":1,"minecraft:oxeye_daisy":2,"minecraft:furnace":2,"minecraft:carrots":6,"minecraft:pumpkin":11,"minecraft:azure_bluet":1,"minecraft:peony":24,"minecraft:bell":1,"minecraft:pointed_dripstone":3,"minecraft:potatoes":13,"minecraft:water_cauldron":2,"minecraft:packed_ice":3,"minecraft:stone":49,"minecraft:smithing_table":1,"minecraft:glass_pane":1,"minecraft:red_bed":2,"minecraft:dandelion":41,"minecraft:crafting_table":1,"minecraft:cornflower":3,"minecraft:poppy":38,"minecraft:chest":2,"minecraft:tall_grass":30,"minecraft:copper_ore":2,"minecraft:cobblestone":3,"minecraft:sugar_cane":1,"minecraft:blue_bed":2,"minecraft:spruce_stairs":1,"minecraft:wheat":5,"minecraft:ice":2,"minecraft:spruce_log":11,"minecraft:grass":122,"minecraft:coal_ore":54,"minecraft:gravel":4,"minecraft:dirt":18,"minecraft:oak_leaves":1},"minecraft:custom":{"minecraft:mob_kills":32,"minecraft:interact_with_crafting_table":30,"minecraft:bell_ring":22,"minecraft:leave_game":5,"minecraft:time_since_death":54812,"minecraft:sprint_one_cm":268570,"minecraft:walk_one_cm":583492,"minecraft:drop":88,"minecraft:talked_to_villager":25,"minecraft:play_time":178638,"minecraft:deaths":12,"minecraft:sneak_time":605,"minecraft:walk_under_water_one_cm":2075,"minecraft:jump":2353,"minecraft:walk_on_water_one_cm":10002,"minecraft:total_world_time":178638,"minecraft:interact_with_furnace":5,"minecraft:sleep_in_bed":5,"minecraft:time_since_rest":3900,"minecraft:damage_taken":3431,"minecraft:damage_dealt":5589,"minecraft:swim_one_cm":1685,"minecraft:fly_one_cm":187826,"minecraft:open_chest":18,"minecraft:crouch_one_cm":687,"minecraft:fall_one_cm":65383}},"DataVersion":3465}