{"stats":{"minecraft:broken":{"minecraft:stone_pickaxe":1,"minecraft:stone_axe":1,"minecraft:wooden_pickaxe":2},"minecraft:custom":{"minecraft:interact_with_furnace":2,"minecraft:mob_kills":31,"minecraft:interact_with_crafting_table":20,"minecraft:leave_game":3,"minecraft:time_since_death":23635,"minecraft:sleep_in_bed":2,"minecraft:time_since_rest":16032,"minecraft:sprint_one_cm":220305,"minecraft:damage_taken":3371,"minecraft:walk_one_cm":543983,"minecraft:drop":80,"minecraft:damage_dealt":5321,"minecraft:swim_one_cm":1685,"minecraft:talked_to_villager":24,"minecraft:fly_one_cm":168614,"minecraft:open_chest":11,"minecraft:crouch_one_cm":687,"minecraft:play_time":147461,"minecraft:deaths":12,"minecraft:sneak_time":605,"minecraft:walk_under_water_one_cm":2075,"minecraft:jump":2232,"minecraft:walk_on_water_one_cm":10002,"minecraft:total_world_time":147461,"minecraft:fall_one_cm":61577},"minecraft:mined":{"minecraft:smithing_table":1,"minecraft:spruce_planks":3,"minecraft:glass_pane":1,"minecraft:red_bed":1,"minecraft:dandelion":24,"minecraft:crafting_table":1,"minecraft:glow_lichen":1,"minecraft:grass_block":4,"minecraft:poppy":23,"minecraft:chest":2,"minecraft:tall_grass":30,"minecraft:copper_ore":2,"minecraft:cobblestone":3,"minecraft:spruce_leaves":46,"minecraft:composter":1,"minecraft:sugar_cane":1,"minecraft:blue_bed":1,"minecraft:spruce_stairs":1,"minecraft:furnace":2,"minecraft:carrots":6,"minecraft:wheat":5,"minecraft:ice":2,"minecraft:spruce_log":11,"minecraft:pumpkin":11,"minecraft:peony":24,"minecraft:bell":1,"minecraft:grass":114,"minecraft:pointed_dripstone":3,"minecraft:potatoes":13,"minecraft:coal_ore":54,"minecraft:water_cauldron":2,"minecraft:gravel":4,"minecraft:dirt":5,"minecraft:packed_ice":3,"minecraft:stone":40,"minecraft:oak_leaves":1},"minecraft:picked_up":{"minecraft:iron_chestplate":1,"minecraft:crafting_table":6,"minecraft:feather":8,"minecraft:chicken":3,"minecraft:andesite":4,"minecraft:leather":4,"minecraft:smithing_table":2,"minecraft:wooden_pickaxe":8,"minecraft:potato":13,"minecraft:shield":2,"minecraft:blue_bed":1,"minecraft:red_bed":1,"minecraft:lapis_lazuli":16,"minecraft:string":11,"minecraft:dirt":149,"minecraft:raw_copper":5,"minecraft:iron_leggings":1,"minecraft:bone":5,"minecraft:beef":14,"minecraft:wheat_seeds":16,"minecraft:bell":1,"minecraft:spruce_planks":89,"minecraft:iron_ingot":11,"minecraft:stone_pickaxe":6,"minecraft:iron_nugget":9,"minecraft:poppy":43,"minecraft:chest":2,"minecraft:sugar_cane":20,"minecraft:oak_planks":6,"minecraft:iron_boots":1,"minecraft:furnace":7,"minecraft:stick":22,"minecraft:tipped_arrow":1,"minecraft:raw_iron":82,"minecraft:pumpkin":10,"minecraft:composter":2,"minecraft:oak_fence":2,"minecraft:torch":44,"minecraft:dandelion":36,"minecraft:spruce_stairs":1,"minecraft:gravel":14,"minecraft:porkchop":3,"minecraft:spruce_sapling":5,"minecraft:pointed_dripstone":2,"minecraft:carrot":5,"minecraft:spruce_log":14,"minecraft:cauldron":2,"minecraft:arrow":17,"minecraft:rotten_flesh":14,"minecraft:stone_axe":1,"minecraft:peony":26,"minecraft:iron_helmet":2,"minecraft:bone_meal":6,"minecraft:pink_dye":38,"minecraft:black_wool":2,"minecraft:mutton":17,"minecraft:coal":67,"minecraft:snowball":180,"minecraft:white_wool":11,"minecraft:cobblestone":139},"minecraft:killed_by":{"minecraft:stray":2,"minecraft:creeper":2,"minecraft:spider":2,"minecraft:zombie":1,"minecraft:enderman":1},"minecraft:used":{"minecraft:stone_pickaxe":112,"minecraft:spruce_planks":11,"minecraft:wooden_pickaxe":126,"minecraft:blue_bed":1,"minecraft:torch":2,"minecraft:dirt":4,"minecraft:mutton":8,"minecraft:crafting_table":2,"minecraft:red_bed":1,"minecraft:carrot":1,"minecraft:snowball":99,"minecraft:bread":2,"minecraft:stone_axe":68,"minecraft:cobblestone":12,"minecraft:beef":6,"minecraft:furnace":1,"minecraft:porkchop":3,"minecraft:potato":2,"minecraft:pointed_dripstone":2},"minecraft:killed":{"minecraft:pig":1,"minecraft:spider":1,"minecraft:iron_golem":2,"minecraft:sheep":7,"minecraft:skeleton":1,"minecraft:zombie":10,"minecraft:stray":1,"minecraft:cow":6},"minecraft:dropped":{"minecraft:sugar_cane":2,"minecraft:wheat_seeds":10,"minecraft:crafting_table":3,"minecraft:chicken":3,"minecraft:feather":4,"minecraft:cobblestone":18,"minecraft:rotten_flesh":5,"minecraft:coal":24,"minecraft:dirt":1,"minecraft:potato":2,"minecraft:tipped_arrow":1,"minecraft:torch":16,"minecraft:mutton":4,"minecraft:arrow":4,"minecraft:beef":8,"minecraft:string":3,"minecraft:white_wool":2,"minecraft:bone":3},"minecraft:crafted":{"minecraft:red_dye":9,"minecraft:crafting_table":3,"minecraft:spruce_planks":56,"minecraft:wooden_pickaxe":1,"minecraft:furnace":1,"minecraft:bone_meal":6,"minecraft:pink_dye":38,"minecraft:stone_axe":1,"minecraft:orange_dye":14,"minecraft:iron_chestplate":1,"minecraft:paper":6,"minecraft:yellow_dye":8,"minecraft:shield":1,"minecraft:stick":28,"minecraft:iron_ingot":1,"minecraft:stone_pickaxe":1,"minecraft:torch":16}},"DataVersion":3465}