{"stats":{"minecraft:crafted":{"minecraft:fishing_rod":1,"minecraft:leather_boots":1,"minecraft:purple_bed":1,"minecraft:pink_bed":1,"minecraft:furnace":1,"minecraft:bone_meal":6,"minecraft:spruce_fence":39,"minecraft:pink_dye":46,"minecraft:spruce_stairs":8,"minecraft:bow":1,"minecraft:stone_pickaxe":1,"minecraft:red_dye":26,"minecraft:crafting_table":3,"minecraft:spruce_planks":76,"minecraft:wooden_pickaxe":1,"minecraft:pumpkin_seeds":40,"minecraft:stone_axe":1,"minecraft:orange_dye":32,"minecraft:blue_dye":3,"minecraft:iron_chestplate":1,"minecraft:paper":6,"minecraft:purple_dye":6,"minecraft:pink_wool":3,"minecraft:yellow_dye":24,"minecraft:shield":1,"minecraft:stick":40,"minecraft:iron_ingot":4,"minecraft:iron_pickaxe":1,"minecraft:light_gray_dye":2,"minecraft:orange_bed":1,"minecraft:torch":16},"minecraft:killed_by":{"minecraft:stray":2,"minecraft:creeper":2,"minecraft:spider":2,"minecraft:enderman":1,"minecraft:iron_golem":1,"minecraft:zombie":1},"minecraft:dropped":{"minecraft:wheat_seeds":17,"minecraft:crafting_table":3,"minecraft:cobblestone":18,"minecraft:feather":4,"minecraft:coal":24,"minecraft:stick":2,"minecraft:dirt":25,"minecraft:torch":16,"minecraft:mutton":4,"minecraft:cooked_salmon":4,"minecraft:string":3,"minecraft:fishing_rod":1,"minecraft:white_wool":2,"minecraft:bone":3,"minecraft:sugar_cane":2,"minecraft:raw_copper":1,"minecraft:chicken":3,"minecraft:rotten_flesh":5,"minecraft:pumpkin_seeds":40,"minecraft:potato":2,"minecraft:tipped_arrow":1,"minecraft:arrow":4,"minecraft:wooden_pickaxe":1,"minecraft:beef":8},"minecraft:picked_up":{"minecraft:crafting_table":6,"minecraft:iron_chestplate":2,"minecraft:azure_bluet":1,"minecraft:chicken":3,"minecraft:smithing_table":3,"minecraft:wooden_pickaxe":11,"minecraft:pink_wool":3,"minecraft:shield":3,"minecraft:cornflower":3,"minecraft:red_bed":2,"minecraft:string":11,"minecraft:raw_copper":11,"minecraft:cooked_salmon":10,"minecraft:iron_leggings":3,"minecraft:spruce_planks":137,"minecraft:beef":14,"minecraft:red_dye":14,"minecraft:iron_nugget":9,"minecraft:poppy":58,"minecraft:sugar_cane":20,"minecraft:chest":2,"minecraft:iron_boots":3,"minecraft:furnace":8,"minecraft:tipped_arrow":1,"minecraft:stick":28,"minecraft:raw_iron":82,"minecraft:oak_fence":2,"minecraft:composter":2,"minecraft:torch":44,"minecraft:spruce_stairs":4,"minecraft:spruce_fence":18,"minecraft:porkchop":3,"minecraft:pointed_dripstone":2,"minecraft:carrot":5,"minecraft:cauldron":3,"minecraft:arrow":23,"minecraft:rotten_flesh":15,"minecraft:peony":26,"minecraft:mutton":17,"minecraft:snowball":180,"minecraft:white_wool":11,"minecraft:cobblestone":200,"minecraft:oxeye_daisy":5,"minecraft:purple_dye":5,"minecraft:feather":8,"minecraft:cooked_beef":7,"minecraft:andesite":4,"minecraft:leather":4,"minecraft:yellow_dye":16,"minecraft:potato":13,"minecraft:dirt":167,"minecraft:lapis_lazuli":16,"minecraft:blue_bed":2,"minecraft:cooked_mutton":1,"minecraft:bone":5,"minecraft:bow":1,"minecraft:wheat_seeds":20,"minecraft:cooked_chicken":2,"minecraft:bell":1,"minecraft:iron_ingot":11,"minecraft:stone_pickaxe":6,"minecraft:oak_planks":13,"minecraft:pink_bed":1,"minecraft:pumpkin":10,"minecraft:dandelion":52,"minecraft:gravel":18,"minecraft:spruce_sapling":18,"minecraft:spruce_log":19,"minecraft:stone_axe":1,"minecraft:iron_helmet":4,"minecraft:bone_meal":6,"minecraft:black_wool":3,"minecraft:coal":67,"minecraft:pink_dye":80},"minecraft:used":{"minecraft:chest":2,"minecraft:spruce_planks":18,"minecraft:bell":1,"minecraft:orange_bed":1,"minecraft:torch":2,"minecraft:dirt":4,"minecraft:mutton":9,"minecraft:spruce_stairs":11,"minecraft:carrot":1,"minecraft:snowball":99,"minecraft:spruce_fence":27,"minecraft:bow":1,"minecraft:beef":6,"minecraft:furnace":1,"minecraft:cooked_beef":1,"minecraft:potato":2,"minecraft:pointed_dripstone":2,"minecraft:cooked_mutton":1,"minecraft:stone_pickaxe":112,"minecraft:oak_planks":4,"minecraft:wooden_pickaxe":135,"minecraft:blue_bed":1,"minecraft:crafting_table":2,"minecraft:red_bed":1,"minecraft:oxeye_daisy":1,"minecraft:bread":2,"minecraft:stone_axe":68,"minecraft:pink_bed":1,"minecraft:cobblestone":49,"minecraft:purple_bed":1,"minecraft:porkchop":3,"minecraft:smithing_table":1},"minecraft:killed":{"minecraft:spider":1,"minecraft:skeleton":1,"minecraft:pig":1,"minecraft:iron_golem":2,"minecraft:sheep":7,"minecraft:zombie":10,"minecraft:stray":1,"minecraft:villager":1,"minecraft:cow":6},"minecraft:broken":{"minecraft:wooden_pickaxe":2,"minecraft:stone_pickaxe":1,"minecraft:stone_axe":1},"minecraft:mined":{"minecraft:spruce_planks":4,"minecraft:pink_bed":1,"minecraft:glow_lichen":1,"minecraft:spruce_fence":2,"minecraft:grass_block":7,"minecraft:spruce_leaves":49,"minecraft:composter":1,"minecraft:oxeye_daisy":3,"minecraft:furnace":2,"minecraft:carrots":6,"minecraft:pumpkin":11,"minecraft:azure_bluet":1,"minecraft:peony":24,"minecraft:bell":1,"minecraft:pointed_dripstone":3,"minecraft:potatoes":13,"minecraft:water_cauldron":2,"minecraft:packed_ice":3,"minecraft:stone":49,"minecraft:smithing_table":1,"minecraft:glass_pane":1,"minecraft:red_bed":2,"minecraft:dandelion":41,"minecraft:crafting_table":1,"minecraft:cornflower":3,"minecraft:poppy":38,"minecraft:chest":2,"minecraft:tall_grass":30,"minecraft:copper_ore":2,"minecraft:cobblestone":3,"minecraft:oak_planks":4,"minecraft:sugar_cane":1,"minecraft:blue_bed":2,"minecraft:spruce_stairs":4,"minecraft:wheat":5,"minecraft:ice":2,"minecraft:spruce_log":16,"minecraft:grass":122,"minecraft:coal_ore":54,"minecraft:gravel":4,"minecraft:dirt":20,"minecraft:oak_leaves":1},"minecraft:custom":{"minecraft:interact_with_smithing_table":1,"minecraft:mob_kills":32,"minecraft:interact_with_crafting_table":41,"minecraft:bell_ring":32,"minecraft:leave_game":5,"minecraft:time_since_death":18952,"minecraft:sprint_one_cm":268738,"minecraft:walk_one_cm":735091,"minecraft:drop":158,"minecraft:talked_to_villager":31,"minecraft:play_time":212860,"minecraft:deaths":13,"minecraft:sneak_time":605,"minecraft:walk_under_water_one_cm":2075,"minecraft:jump":2519,"minecraft:walk_on_water_one_cm":10248,"minecraft:total_world_time":212860,"minecraft:interact_with_furnace":10,"minecraft:sleep_in_bed":10,"minecraft:time_since_rest":3017,"minecraft:damage_taken":3712,"minecraft:damage_dealt":5751,"minecraft:swim_one_cm":1685,"minecraft:fly_one_cm":189132,"minecraft:open_chest":32,"minecraft:crouch_one_cm":687,"minecraft:fall_one_cm":68776}},"DataVersion":3465}