{"stats":{"minecraft:crafted":{"minecraft:crafting_table":1,"minecraft:spruce_planks":20},"minecraft:dropped":{"minecraft:sugar_cane":1,"minecraft:crafting_table":2},"minecraft:picked_up":{"minecraft:crafting_table":2,"minecraft:rotten_flesh":1,"minecraft:dandelion":4,"minecraft:spruce_sapling":1,"minecraft:poppy":7,"minecraft:spruce_log":5,"minecraft:sugar_cane":7,"minecraft:dirt":2},"minecraft:killed":{"minecraft:zombie":2},"minecraft:mined":{"minecraft:grass_block":1,"minecraft:poppy":7,"minecraft:spruce_leaves":32,"minecraft:spruce_log":2,"minecraft:sugar_cane":1,"minecraft:dandelion":4},"minecraft:custom":{"minecraft:time_since_rest":6535,"minecraft:crouch_one_cm":39,"minecraft:sprint_one_cm":3737,"minecraft:play_time":6535,"minecraft:damage_taken":29,"minecraft:walk_one_cm":44365,"minecraft:sneak_time":14,"minecraft:mob_kills":2,"minecraft:drop":3,"minecraft:jump":63,"minecraft:damage_dealt":386,"minecraft:time_since_death":6535,"minecraft:total_world_time":6535,"minecraft:interact_with_crafting_table":1,"minecraft:fall_one_cm":1641,"minecraft:fly_one_cm":2740}},"DataVersion":3465}