{"stats":{"minecraft:crafted":{"minecraft:red_dye":9,"minecraft:paper":6,"minecraft:yellow_dye":8,"minecraft:crafting_table":2,"minecraft:spruce_planks":20,"minecraft:stick":4,"minecraft:furnace":1,"minecraft:torch":16,"minecraft:orange_dye":14},"minecraft:killed_by":{"minecraft:creeper":2},"minecraft:dropped":{"minecraft:sugar_cane":2,"minecraft:torch":16,"minecraft:crafting_table":3,"minecraft:rotten_flesh":3},"minecraft:picked_up":{"minecraft:raw_iron":41,"minecraft:crafting_table":4,"minecraft:andesite":2,"minecraft:oak_fence":2,"minecraft:torch":23,"minecraft:dandelion":20,"minecraft:wooden_pickaxe":4,"minecraft:gravel":3,"minecraft:spruce_sapling":3,"minecraft:spruce_log":5,"minecraft:lapis_lazuli":16,"minecraft:dirt":22,"minecraft:rotten_flesh":5,"minecraft:stone_axe":1,"minecraft:spruce_planks":68,"minecraft:stone_pickaxe":4,"minecraft:poppy":25,"minecraft:sugar_cane":20,"minecraft:coal":6,"minecraft:snowball":112,"minecraft:cobblestone":83,"minecraft:furnace":2},"minecraft:used":{"minecraft:spruce_planks":11,"minecraft:wooden_pickaxe":37,"minecraft:torch":2,"minecraft:crafting_table":1,"minecraft:furnace":1,"minecraft:snowball":33},"minecraft:killed":{"minecraft:zombie":6},"minecraft:mined":{"minecraft:furnace":1,"minecraft:spruce_log":2,"minecraft:dandelion":8,"minecraft:glow_lichen":1,"minecraft:grass":1,"minecraft:grass_block":3,"minecraft:coal_ore":1,"minecraft:poppy":8,"minecraft:gravel":3,"minecraft:packed_ice":3,"minecraft:spruce_leaves":32,"minecraft:stone":22,"minecraft:sugar_cane":1},"minecraft:custom":{"minecraft:time_since_rest":3885,"minecraft:sprint_one_cm":62148,"minecraft:damage_taken":935,"minecraft:walk_one_cm":139480,"minecraft:mob_kills":6,"minecraft:drop":9,"minecraft:damage_dealt":1514,"minecraft:swim_one_cm":1685,"minecraft:interact_with_crafting_table":3,"minecraft:fly_one_cm":23976,"minecraft:crouch_one_cm":221,"minecraft:play_time":30535,"minecraft:deaths":3,"minecraft:sneak_time":79,"minecraft:walk_under_water_one_cm":1489,"minecraft:jump":457,"minecraft:time_since_death":3812,"minecraft:walk_on_water_one_cm":9562,"minecraft:total_world_time":30535,"minecraft:fall_one_cm":12029}},"DataVersion":3465}