{"stats":{"minecraft:crafted":{"minecraft:red_dye":9,"minecraft:yellow_dye":8,"minecraft:crafting_table":1,"minecraft:spruce_planks":20,"minecraft:orange_dye":14},"minecraft:killed_by":{"minecraft:creeper":1},"minecraft:dropped":{"minecraft:sugar_cane":2,"minecraft:crafting_table":3,"minecraft:rotten_flesh":3},"minecraft:picked_up":{"minecraft:crafting_table":2,"minecraft:dandelion":20,"minecraft:wooden_pickaxe":3,"minecraft:spruce_sapling":3,"minecraft:spruce_log":5,"minecraft:dirt":17,"minecraft:rotten_flesh":5,"minecraft:spruce_planks":68,"minecraft:stone_pickaxe":2,"minecraft:poppy":25,"minecraft:sugar_cane":20,"minecraft:snowball":68,"minecraft:cobblestone":49},"minecraft:used":{"minecraft:spruce_planks":4,"minecraft:snowball":1},"minecraft:killed":{"minecraft:zombie":5},"minecraft:mined":{"minecraft:spruce_log":2,"minecraft:dandelion":8,"minecraft:grass_block":3,"minecraft:poppy":8,"minecraft:packed_ice":3,"minecraft:spruce_leaves":32,"minecraft:sugar_cane":1},"minecraft:custom":{"minecraft:time_since_rest":4175,"minecraft:sprint_one_cm":36262,"minecraft:damage_taken":570,"minecraft:walk_one_cm":103510,"minecraft:mob_kills":5,"minecraft:drop":8,"minecraft:damage_dealt":893,"minecraft:interact_with_crafting_table":1,"minecraft:fly_one_cm":16862,"minecraft:crouch_one_cm":221,"minecraft:play_time":18535,"minecraft:deaths":2,"minecraft:sneak_time":79,"minecraft:jump":243,"minecraft:time_since_death":4066,"minecraft:walk_on_water_one_cm":356,"minecraft:total_world_time":18535,"minecraft:fall_one_cm":6793}},"DataVersion":3465}