{"stats":{"minecraft:crafted":{"minecraft:black_dye":5,"minecraft:fishing_rod":1,"minecraft:leather_boots":1,"minecraft:purple_bed":1,"minecraft:pink_bed":1,"minecraft:furnace":1,"minecraft:bone_meal":9,"minecraft:spruce_fence":39,"minecraft:pink_dye":46,"minecraft:spruce_stairs":8,"minecraft:bow":1,"minecraft:stone_pickaxe":1,"minecraft:diamond_boots":1,"minecraft:copper_block":7,"minecraft:golden_helmet":1,"minecraft:red_dye":26,"minecraft:cooked_porkchop":4,"minecraft:crafting_table":3,"minecraft:spruce_planks":76,"minecraft:wooden_pickaxe":1,"minecraft:cooked_salmon":10,"minecraft:copper_ingot":64,"minecraft:pumpkin_seeds":40,"minecraft:stone_axe":1,"minecraft:orange_dye":34,"minecraft:painting":1,"minecraft:air":0,"minecraft:blue_dye":3,"minecraft:iron_chestplate":1,"minecraft:paper":6,"minecraft:purple_dye":6,"minecraft:pink_wool":3,"minecraft:yellow_dye":27,"minecraft:shield":1,"minecraft:stick":40,"minecraft:iron_ingot":10,"minecraft:iron_pickaxe":1,"minecraft:gold_ingot":15,"minecraft:light_gray_dye":3,"minecraft:torch":16,"minecraft:orange_bed":1,"minecraft:shears":2},"minecraft:killed_by":{"minecraft:stray":2,"minecraft:creeper":3,"minecraft:spider":2,"minecraft:enderman":1,"minecraft:iron_golem":2,"minecraft:zombie":1,"minecraft:witch":2},"minecraft:dropped":{"minecraft:iron_ingot":6,"minecraft:wheat_seeds":17,"minecraft:cooked_beef":1,"minecraft:oak_log":8,"minecraft:crafting_table":3,"minecraft:dripstone_block":1,"minecraft:feather":4,"minecraft:cobblestone":18,"minecraft:lead":2,"minecraft:leather":2,"minecraft:coal":24,"minecraft:emerald":24,"minecraft:stick":7,"minecraft:dirt":25,"minecraft:torch":22,"minecraft:mutton":4,"minecraft:cooked_salmon":4,"minecraft:snowball":25,"minecraft:string":3,"minecraft:birch_log":1,"minecraft:fishing_rod":2,"minecraft:white_wool":2,"minecraft:bone":3,"minecraft:sugar_cane":2,"minecraft:raw_copper":1,"minecraft:pointed_dripstone":2,"minecraft:chicken":5,"minecraft:rotten_flesh":7,"minecraft:oak_planks":2,"minecraft:shears":1,"minecraft:pumpkin_seeds":40,"minecraft:potato":2,"minecraft:tipped_arrow":1,"minecraft:spruce_boat":1,"minecraft:shield":1,"minecraft:spruce_planks":1,"minecraft:leather_boots":1,"minecraft:arrow":4,"minecraft:beef":8,"minecraft:stone_pickaxe":2,"minecraft:wooden_pickaxe":1},"minecraft:picked_up":{"minecraft:fishing_rod":2,"minecraft:iron_chestplate":6,"minecraft:crafting_table":6,"minecraft:azure_bluet":1,"minecraft:chicken":5,"minecraft:smithing_table":3,"minecraft:lead":2,"minecraft:wooden_pickaxe":15,"minecraft:pink_wool":11,"minecraft:shield":8,"minecraft:cornflower":5,"minecraft:string":11,"minecraft:red_bed":2,"minecraft:cooked_salmon":16,"minecraft:raw_copper":381,"minecraft:iron_leggings":7,"minecraft:bucket":1,"minecraft:spruce_planks":137,"minecraft:beef":14,"minecraft:red_dye":19,"minecraft:iron_nugget":9,"minecraft:poppy":59,"minecraft:iron_pickaxe":2,"minecraft:sugar_cane":20,"minecraft:chest":2,"minecraft:iron_boots":7,"minecraft:furnace":12,"minecraft:tipped_arrow":2,"minecraft:raw_iron":86,"minecraft:stick":138,"minecraft:orange_dye":17,"minecraft:composter":2,"minecraft:oak_fence":2,"minecraft:torch":45,"minecraft:spruce_stairs":4,"minecraft:spruce_fence":46,"minecraft:porkchop":11,"minecraft:pointed_dripstone":21,"minecraft:diorite":3,"minecraft:carrot":5,"minecraft:redstone":38,"minecraft:cauldron":4,"minecraft:black_dye":5,"minecraft:arrow":41,"minecraft:rotten_flesh":18,"minecraft:peony":26,"minecraft:shears":2,"minecraft:mutton":17,"minecraft:rail":39,"minecraft:snowball":216,"minecraft:white_wool":11,"minecraft:cobblestone":250,"minecraft:oxeye_daisy":5,"minecraft:birch_log":1,"minecraft:purple_dye":10,"minecraft:feather":12,"minecraft:cooked_beef":9,"minecraft:salmon":17,"minecraft:andesite":4,"minecraft:leather":6,"minecraft:yellow_dye":23,"minecraft:copper_block":2,"minecraft:potato":13,"minecraft:flint":1,"minecraft:light_gray_dye":2,"minecraft:oak_log":8,"minecraft:lapis_lazuli":63,"minecraft:blue_bed":2,"minecraft:dirt":180,"minecraft:cooked_mutton":1,"minecraft:leather_boots":1,"minecraft:bone":13,"minecraft:bow":5,"minecraft:wheat_seeds":22,"minecraft:raw_gold":15,"minecraft:bell":1,"minecraft:iron_ingot":22,"minecraft:stone_pickaxe":9,"minecraft:cooked_chicken":3,"minecraft:stone_hoe":1,"minecraft:oak_planks":14,"minecraft:pink_bed":1,"minecraft:pumpkin":10,"minecraft:dandelion":55,"minecraft:dripstone_block":1,"minecraft:gravel":22,"minecraft:spruce_sapling":46,"minecraft:ink_sac":10,"minecraft:spruce_log":19,"minecraft:pumpkin_seeds":32,"minecraft:spruce_boat":1,"minecraft:diamond":8,"minecraft:stone_axe":1,"minecraft:iron_helmet":8,"minecraft:granite":1,"minecraft:bone_meal":7,"minecraft:emerald":24,"minecraft:oak_sapling":40,"minecraft:black_wool":5,"minecraft:coal":85,"minecraft:pink_dye":122},"minecraft:used":{"minecraft:chest":2,"minecraft:spruce_planks":18,"minecraft:shield":1,"minecraft:cooked_salmon":3,"minecraft:bell":1,"minecraft:cooked_chicken":1,"minecraft:orange_bed":1,"minecraft:torch":2,"minecraft:dirt":4,"minecraft:mutton":9,"minecraft:spruce_stairs":11,"minecraft:carrot":1,"minecraft:snowball":106,"minecraft:granite":1,"minecraft:spruce_fence":29,"minecraft:pink_wool":4,"minecraft:bow":5,"minecraft:beef":6,"minecraft:oak_sapling":9,"minecraft:furnace":2,"minecraft:potato":2,"minecraft:cooked_beef":3,"minecraft:pointed_dripstone":8,"minecraft:cooked_mutton":1,"minecraft:diorite":3,"minecraft:stone_pickaxe":229,"minecraft:oak_planks":6,"minecraft:copper_block":9,"minecraft:wooden_pickaxe":135,"minecraft:composter":1,"minecraft:cauldron":1,"minecraft:blue_bed":1,"minecraft:white_wool":2,"minecraft:red_bed":1,"minecraft:crafting_table":2,"minecraft:painting":1,"minecraft:black_wool":1,"minecraft:oxeye_daisy":1,"minecraft:iron_pickaxe":106,"minecraft:bread":2,"minecraft:gravel":7,"minecraft:spruce_sapling":7,"minecraft:stone_axe":68,"minecraft:pink_bed":1,"minecraft:fishing_rod":15,"minecraft:purple_bed":1,"minecraft:cobblestone":66,"minecraft:porkchop":3,"minecraft:cooked_porkchop":1,"minecraft:smithing_table":1},"minecraft:killed":{"minecraft:spider":2,"minecraft:skeleton":1,"minecraft:pig":1,"minecraft:salmon":1,"minecraft:iron_golem":3,"minecraft:sheep":7,"minecraft:zombie":11,"minecraft:stray":1,"minecraft:villager":1,"minecraft:cow":6},"minecraft:broken":{"minecraft:wooden_pickaxe":2,"minecraft:stone_pickaxe":2,"minecraft:stone_axe":1},"minecraft:mined":{"minecraft:diamond_ore":6,"minecraft:spruce_planks":4,"minecraft:pink_bed":1,"minecraft:deepslate_diamond_ore":2,"minecraft:glow_lichen":1,"minecraft:granite":1,"minecraft:spruce_fence":2,"minecraft:grass_block":9,"minecraft:spruce_leaves":49,"minecraft:composter":1,"minecraft:oxeye_daisy":3,"minecraft:pink_wool":1,"minecraft:carrots":6,"minecraft:furnace":2,"minecraft:iron_ore":5,"minecraft:pumpkin":11,"minecraft:deepslate_lapis_ore":7,"minecraft:peony":24,"minecraft:azure_bluet":1,"minecraft:bell":1,"minecraft:potatoes":13,"minecraft:pointed_dripstone":11,"minecraft:water_cauldron":2,"minecraft:deepslate_iron_ore":1,"minecraft:rail":42,"minecraft:packed_ice":3,"minecraft:stone":57,"minecraft:smithing_table":1,"minecraft:deepslate_redstone_ore":8,"minecraft:glass_pane":1,"minecraft:red_bed":2,"minecraft:dandelion":42,"minecraft:cornflower":3,"minecraft:crafting_table":1,"minecraft:poppy":38,"minecraft:chest":2,"minecraft:copper_ore":100,"minecraft:tall_grass":34,"minecraft:cobblestone":3,"minecraft:deepslate_coal_ore":2,"minecraft:deepslate_gold_ore":8,"minecraft:lapis_ore":1,"minecraft:oak_planks":5,"minecraft:sugar_cane":1,"minecraft:diorite":3,"minecraft:blue_bed":2,"minecraft:deepslate_copper_ore":1,"minecraft:spruce_stairs":4,"minecraft:seagrass":2,"minecraft:ice":2,"minecraft:birch_log":1,"minecraft:wheat":5,"minecraft:spruce_log":16,"minecraft:birch_leaves":2,"minecraft:copper_block":2,"minecraft:grass":124,"minecraft:coal_ore":69,"minecraft:oak_log":7,"minecraft:gravel":5,"minecraft:dirt":20,"minecraft:dripstone_block":1,"minecraft:gold_ore":7,"minecraft:oak_leaves":7,"minecraft:deepslate":3},"minecraft:custom":{"minecraft:interact_with_smithing_table":3,"minecraft:mob_kills":36,"minecraft:interact_with_crafting_table":62,"minecraft:bell_ring":32,"minecraft:leave_game":13,"minecraft:time_since_death":115064,"minecraft:sprint_one_cm":271964,"minecraft:walk_one_cm":1216637,"minecraft:damage_blocked_by_shield":90,"minecraft:drop":192,"minecraft:talked_to_villager":39,"minecraft:play_time":358000,"minecraft:sneak_time":720,"minecraft:deaths":17,"minecraft:walk_under_water_one_cm":10086,"minecraft:jump":3456,"minecraft:walk_on_water_one_cm":17486,"minecraft:total_world_time":358000,"minecraft:interact_with_furnace":28,"minecraft:sleep_in_bed":14,"minecraft:time_since_rest":45416,"minecraft:damage_taken":5398,"minecraft:damage_dealt":6525,"minecraft:swim_one_cm":1685,"minecraft:fly_one_cm":194806,"minecraft:open_chest":75,"minecraft:crouch_one_cm":687,"minecraft:fall_one_cm":84682}},"DataVersion":3465}