{"stats":{"minecraft:broken":{"minecraft:stone_axe":1},"minecraft:custom":{"minecraft:interact_with_furnace":2,"minecraft:mob_kills":19,"minecraft:interact_with_crafting_table":11,"minecraft:leave_game":3,"minecraft:time_since_death":26269,"minecraft:sleep_in_bed":1,"minecraft:time_since_rest":16059,"minecraft:sprint_one_cm":153914,"minecraft:damage_taken":3055,"minecraft:walk_one_cm":424906,"minecraft:drop":10,"minecraft:damage_dealt":4063,"minecraft:swim_one_cm":1685,"minecraft:talked_to_villager":23,"minecraft:fly_one_cm":114690,"minecraft:open_chest":10,"minecraft:crouch_one_cm":687,"minecraft:play_time":111461,"minecraft:deaths":11,"minecraft:sneak_time":605,"minecraft:walk_under_water_one_cm":2075,"minecraft:jump":1709,"minecraft:walk_on_water_one_cm":10002,"minecraft:total_world_time":111461,"minecraft:fall_one_cm":49323},"minecraft:mined":{"minecraft:smithing_table":1,"minecraft:spruce_planks":3,"minecraft:glass_pane":1,"minecraft:dandelion":24,"minecraft:crafting_table":1,"minecraft:glow_lichen":1,"minecraft:grass_block":3,"minecraft:poppy":23,"minecraft:cobblestone":3,"minecraft:spruce_leaves":46,"minecraft:composter":1,"minecraft:sugar_cane":1,"minecraft:spruce_stairs":1,"minecraft:furnace":2,"minecraft:carrots":6,"minecraft:wheat":5,"minecraft:ice":2,"minecraft:spruce_log":11,"minecraft:grass":11,"minecraft:pointed_dripstone":2,"minecraft:potatoes":13,"minecraft:coal_ore":20,"minecraft:water_cauldron":1,"minecraft:gravel":4,"minecraft:dirt":4,"minecraft:packed_ice":3,"minecraft:stone":32},"minecraft:picked_up":{"minecraft:crafting_table":6,"minecraft:andesite":4,"minecraft:smithing_table":1,"minecraft:wooden_pickaxe":6,"minecraft:potato":11,"minecraft:shield":1,"minecraft:lapis_lazuli":16,"minecraft:dirt":108,"minecraft:iron_leggings":1,"minecraft:bone":5,"minecraft:wheat_seeds":3,"minecraft:spruce_planks":78,"minecraft:iron_ingot":11,"minecraft:stone_pickaxe":5,"minecraft:iron_nugget":9,"minecraft:poppy":41,"minecraft:sugar_cane":20,"minecraft:iron_boots":1,"minecraft:furnace":6,"minecraft:tipped_arrow":1,"minecraft:raw_iron":82,"minecraft:composter":1,"minecraft:oak_fence":2,"minecraft:torch":44,"minecraft:dandelion":36,"minecraft:spruce_stairs":1,"minecraft:gravel":7,"minecraft:porkchop":3,"minecraft:spruce_sapling":4,"minecraft:pointed_dripstone":2,"minecraft:carrot":5,"minecraft:spruce_log":14,"minecraft:cauldron":1,"minecraft:arrow":5,"minecraft:rotten_flesh":13,"minecraft:stone_axe":1,"minecraft:iron_helmet":2,"minecraft:bone_meal":6,"minecraft:black_wool":1,"minecraft:mutton":9,"minecraft:coal":32,"minecraft:snowball":180,"minecraft:white_wool":5,"minecraft:cobblestone":110},"minecraft:killed_by":{"minecraft:stray":2,"minecraft:creeper":2,"minecraft:spider":2,"minecraft:zombie":1,"minecraft:enderman":1},"minecraft:used":{"minecraft:stone_pickaxe":34,"minecraft:spruce_planks":11,"minecraft:wooden_pickaxe":68,"minecraft:torch":2,"minecraft:dirt":4,"minecraft:mutton":7,"minecraft:crafting_table":2,"minecraft:carrot":1,"minecraft:snowball":99,"minecraft:bread":2,"minecraft:stone_axe":68,"minecraft:cobblestone":3,"minecraft:furnace":1,"minecraft:porkchop":3,"minecraft:potato":2,"minecraft:pointed_dripstone":2},"minecraft:killed":{"minecraft:pig":1,"minecraft:iron_golem":2,"minecraft:sheep":5,"minecraft:zombie":9},"minecraft:dropped":{"minecraft:sugar_cane":2,"minecraft:crafting_table":3,"minecraft:rotten_flesh":3,"minecraft:tipped_arrow":1,"minecraft:torch":16},"minecraft:crafted":{"minecraft:red_dye":9,"minecraft:crafting_table":3,"minecraft:spruce_planks":56,"minecraft:wooden_pickaxe":1,"minecraft:furnace":1,"minecraft:bone_meal":6,"minecraft:stone_axe":1,"minecraft:orange_dye":14,"minecraft:paper":6,"minecraft:yellow_dye":8,"minecraft:stick":28,"minecraft:iron_ingot":1,"minecraft:stone_pickaxe":1,"minecraft:torch":16}},"DataVersion":3465}