{"stats":{"minecraft:crafted":{"minecraft:black_dye":5,"minecraft:fishing_rod":1,"minecraft:leather_boots":1,"minecraft:purple_bed":1,"minecraft:pink_bed":1,"minecraft:furnace":1,"minecraft:bone_meal":9,"minecraft:spruce_fence":39,"minecraft:pink_dye":46,"minecraft:spruce_stairs":8,"minecraft:bow":1,"minecraft:stone_pickaxe":1,"minecraft:red_dye":26,"minecraft:crafting_table":3,"minecraft:spruce_planks":76,"minecraft:wooden_pickaxe":1,"minecraft:pumpkin_seeds":40,"minecraft:stone_axe":1,"minecraft:orange_dye":32,"minecraft:blue_dye":3,"minecraft:iron_chestplate":1,"minecraft:paper":6,"minecraft:purple_dye":6,"minecraft:pink_wool":3,"minecraft:yellow_dye":24,"minecraft:shield":1,"minecraft:stick":40,"minecraft:iron_ingot":10,"minecraft:iron_pickaxe":1,"minecraft:light_gray_dye":3,"minecraft:orange_bed":1,"minecraft:torch":16,"minecraft:shears":1},"minecraft:killed_by":{"minecraft:stray":2,"minecraft:creeper":3,"minecraft:spider":2,"minecraft:enderman":1,"minecraft:iron_golem":2,"minecraft:witch":1,"minecraft:zombie":1},"minecraft:dropped":{"minecraft:iron_ingot":6,"minecraft:wheat_seeds":17,"minecraft:cooked_beef":1,"minecraft:oak_log":8,"minecraft:crafting_table":3,"minecraft:cobblestone":18,"minecraft:feather":4,"minecraft:lead":2,"minecraft:coal":24,"minecraft:stick":7,"minecraft:dirt":25,"minecraft:torch":16,"minecraft:mutton":4,"minecraft:cooked_salmon":4,"minecraft:string":3,"minecraft:birch_log":1,"minecraft:fishing_rod":1,"minecraft:white_wool":2,"minecraft:bone":3,"minecraft:sugar_cane":2,"minecraft:raw_copper":1,"minecraft:pointed_dripstone":1,"minecraft:chicken":3,"minecraft:rotten_flesh":5,"minecraft:oak_planks":2,"minecraft:shears":1,"minecraft:pumpkin_seeds":40,"minecraft:potato":2,"minecraft:tipped_arrow":1,"minecraft:spruce_planks":1,"minecraft:arrow":4,"minecraft:wooden_pickaxe":1,"minecraft:beef":8},"minecraft:picked_up":{"minecraft:fishing_rod":1,"minecraft:crafting_table":6,"minecraft:iron_chestplate":5,"minecraft:azure_bluet":1,"minecraft:chicken":3,"minecraft:smithing_table":3,"minecraft:lead":2,"minecraft:wooden_pickaxe":14,"minecraft:pink_wool":8,"minecraft:shield":6,"minecraft:cornflower":3,"minecraft:red_bed":2,"minecraft:string":11,"minecraft:raw_copper":26,"minecraft:cooked_salmon":13,"minecraft:iron_leggings":6,"minecraft:spruce_planks":137,"minecraft:beef":14,"minecraft:red_dye":19,"minecraft:iron_nugget":9,"minecraft:poppy":58,"minecraft:iron_pickaxe":1,"minecraft:sugar_cane":20,"minecraft:chest":2,"minecraft:iron_boots":6,"minecraft:furnace":11,"minecraft:tipped_arrow":1,"minecraft:orange_dye":17,"minecraft:stick":33,"minecraft:raw_iron":82,"minecraft:oak_fence":2,"minecraft:composter":2,"minecraft:torch":44,"minecraft:spruce_stairs":4,"minecraft:spruce_fence":46,"minecraft:porkchop":3,"minecraft:pointed_dripstone":17,"minecraft:carrot":5,"minecraft:cauldron":4,"minecraft:arrow":35,"minecraft:rotten_flesh":16,"minecraft:peony":26,"minecraft:mutton":17,"minecraft:snowball":206,"minecraft:white_wool":11,"minecraft:cobblestone":235,"minecraft:oxeye_daisy":5,"minecraft:birch_log":1,"minecraft:purple_dye":10,"minecraft:feather":8,"minecraft:cooked_beef":9,"minecraft:salmon":2,"minecraft:andesite":4,"minecraft:leather":4,"minecraft:yellow_dye":23,"minecraft:potato":13,"minecraft:light_gray_dye":2,"minecraft:oak_log":8,"minecraft:dirt":179,"minecraft:lapis_lazuli":16,"minecraft:blue_bed":2,"minecraft:cooked_mutton":1,"minecraft:bone":5,"minecraft:bow":4,"minecraft:wheat_seeds":21,"minecraft:cooked_chicken":2,"minecraft:bell":1,"minecraft:iron_ingot":22,"minecraft:stone_pickaxe":6,"minecraft:oak_planks":14,"minecraft:pink_bed":1,"minecraft:pumpkin":10,"minecraft:dandelion":52,"minecraft:gravel":22,"minecraft:spruce_sapling":39,"minecraft:ink_sac":10,"minecraft:spruce_log":19,"minecraft:stone_axe":1,"minecraft:iron_helmet":7,"minecraft:bone_meal":6,"minecraft:oak_sapling":32,"minecraft:black_wool":4,"minecraft:coal":67,"minecraft:pink_dye":122},"minecraft:used":{"minecraft:chest":2,"minecraft:spruce_planks":18,"minecraft:shield":1,"minecraft:bell":1,"minecraft:orange_bed":1,"minecraft:torch":2,"minecraft:dirt":4,"minecraft:mutton":9,"minecraft:spruce_stairs":11,"minecraft:carrot":1,"minecraft:snowball":99,"minecraft:spruce_fence":29,"minecraft:pink_wool":2,"minecraft:bow":5,"minecraft:beef":6,"minecraft:furnace":1,"minecraft:cooked_beef":2,"minecraft:potato":2,"minecraft:pointed_dripstone":8,"minecraft:cooked_mutton":1,"minecraft:stone_pickaxe":112,"minecraft:oak_planks":6,"minecraft:wooden_pickaxe":135,"minecraft:cauldron":1,"minecraft:blue_bed":1,"minecraft:crafting_table":2,"minecraft:red_bed":1,"minecraft:oxeye_daisy":1,"minecraft:bread":2,"minecraft:gravel":7,"minecraft:stone_axe":68,"minecraft:pink_bed":1,"minecraft:fishing_rod":15,"minecraft:cobblestone":51,"minecraft:purple_bed":1,"minecraft:porkchop":3,"minecraft:smithing_table":1},"minecraft:killed":{"minecraft:spider":1,"minecraft:skeleton":1,"minecraft:pig":1,"minecraft:salmon":1,"minecraft:iron_golem":3,"minecraft:sheep":7,"minecraft:zombie":11,"minecraft:stray":1,"minecraft:villager":1,"minecraft:cow":6},"minecraft:broken":{"minecraft:wooden_pickaxe":2,"minecraft:stone_pickaxe":1,"minecraft:stone_axe":1},"minecraft:mined":{"minecraft:spruce_planks":4,"minecraft:pink_bed":1,"minecraft:glow_lichen":1,"minecraft:spruce_fence":2,"minecraft:grass_block":8,"minecraft:spruce_leaves":49,"minecraft:composter":1,"minecraft:oxeye_daisy":3,"minecraft:pink_wool":1,"minecraft:furnace":2,"minecraft:carrots":6,"minecraft:pumpkin":11,"minecraft:azure_bluet":1,"minecraft:peony":24,"minecraft:bell":1,"minecraft:pointed_dripstone":9,"minecraft:potatoes":13,"minecraft:water_cauldron":2,"minecraft:packed_ice":3,"minecraft:stone":49,"minecraft:smithing_table":1,"minecraft:glass_pane":1,"minecraft:red_bed":2,"minecraft:dandelion":42,"minecraft:crafting_table":1,"minecraft:cornflower":3,"minecraft:poppy":38,"minecraft:chest":2,"minecraft:tall_grass":34,"minecraft:copper_ore":2,"minecraft:cobblestone":3,"minecraft:oak_planks":5,"minecraft:sugar_cane":1,"minecraft:blue_bed":2,"minecraft:seagrass":2,"minecraft:spruce_stairs":4,"minecraft:birch_log":1,"minecraft:wheat":5,"minecraft:ice":2,"minecraft:spruce_log":16,"minecraft:birch_leaves":2,"minecraft:grass":124,"minecraft:oak_log":7,"minecraft:coal_ore":54,"minecraft:gravel":5,"minecraft:dirt":20,"minecraft:oak_leaves":7},"minecraft:custom":{"minecraft:interact_with_smithing_table":1,"minecraft:mob_kills":35,"minecraft:interact_with_crafting_table":46,"minecraft:bell_ring":32,"minecraft:leave_game":5,"minecraft:time_since_death":768,"minecraft:sprint_one_cm":269950,"minecraft:walk_one_cm":868851,"minecraft:damage_blocked_by_shield":90,"minecraft:drop":169,"minecraft:talked_to_villager":39,"minecraft:play_time":242860,"minecraft:deaths":16,"minecraft:sneak_time":720,"minecraft:walk_under_water_one_cm":10086,"minecraft:jump":2836,"minecraft:walk_on_water_one_cm":16452,"minecraft:total_world_time":242860,"minecraft:interact_with_furnace":11,"minecraft:sleep_in_bed":12,"minecraft:time_since_rest":815,"minecraft:damage_taken":4809,"minecraft:damage_dealt":6301,"minecraft:swim_one_cm":1685,"minecraft:fly_one_cm":192627,"minecraft:open_chest":37,"minecraft:crouch_one_cm":687,"minecraft:fall_one_cm":72376}},"DataVersion":3465}